En çok yapılan sorgular,Son 28 gün Tıklamalar,Önceki 28 gün Tıklamalar,Son 28 gün Gösterimler,Önceki 28 gün Gösterimler,Son 28 gün TO,Önceki 28 gün TO,Son 28 gün Pozisyon,Önceki 28 gün Pozisyon
what time is it los angeles,1,0,2,0,50%,0%,70.5,0
time in eritrea,1,0,2,2,50%,0%,85.5,73
time in fiji,0,0,26,6,0%,0%,75.38,76.17
time in costa rica,0,0,25,65,0%,0%,44.92,57.08
bombay and cairo time difference,0,0,24,0,0%,0%,17.58,0
costa rica time now,0,0,23,18,0%,0%,36.61,42.17
costa rica time,0,0,21,46,0%,0%,68.86,66.63
"""otaru canal"" 43.19",0,0,20,9,0%,0%,5.95,4.56
berlin time now,0,0,20,19,0%,0%,63.25,71.26
current time in russia,0,0,20,27,0%,0%,65.45,50.44
time in paris,0,0,20,69,0%,0%,75.8,74.19
cairo time now,0,0,19,90,0%,0%,65.79,67.96
moscow time now,0,0,19,105,0%,0%,70.58,67.13
time in cairo,0,0,19,107,0%,0%,72.42,71.1
time in copenhagen,0,0,18,6,0%,0%,57.72,52.33
time in shanghai,0,0,18,79,0%,0%,63.28,60.97
moscow time,0,0,18,94,0%,0%,74.56,72.85
time in istanbul,0,0,17,103,0%,0%,72,69.64
time in berlin,0,0,17,24,0%,0%,80.47,73.17
lagos netherlands time difference,0,0,16,0,0%,0%,17,0
delhi to viana time difference,0,0,16,0,0%,0%,19.25,0
time in seattle,0,0,16,11,0%,0%,49.06,63.64
time in sao paulo,0,0,16,71,0%,0%,58.69,51.34
time in seoul,0,0,16,10,0%,0%,70.69,56
time difference between nigeria and singapore,0,0,15,0,0%,0%,28.8,0
norway time zone,0,0,15,81,0%,0%,51.67,56.1
lagos to netherlands time difference,0,0,13,0,0%,0%,15.69,0
current time in paris,0,0,13,44,0%,0%,56,57.34
marrakech time,0,0,13,32,0%,0%,58.46,62.31
8am delhi time to boston time conversion,0,0,12,0,0%,0%,22.17,0
time now in costa rica,0,0,12,0,0%,0%,25.67,0
current time in cairo,0,0,12,16,0%,0%,50.92,58.31
sao paulo time,0,0,12,39,0%,0%,59.5,60.51
what time is it in paris,0,0,12,39,0%,0%,66.42,68.13
tbilisi time,0,0,12,1,0%,0%,71.17,62
brazil time zones current time 2026,0,0,11,43,0%,0%,20.18,21.67
time in marrakech,0,0,11,39,0%,0%,37.45,55.92
time in abidjan,0,0,11,5,0%,0%,40.64,43.4
what time zone is costa rica in march,0,0,11,55,0%,0%,45.82,40.33
copenhagen time,0,0,11,6,0%,0%,61.55,52.17
what time is it in costa rica,0,0,11,23,0%,0%,62.18,63.57
what time is it in shanghai,0,0,11,21,0%,0%,65.36,48.1
time in russia,0,0,11,52,0%,0%,65.73,66.25
tanzania time now,0,0,11,18,0%,0%,68.91,64.61
time in estonia,0,0,11,45,0%,0%,73.27,75.13
time in moscow,0,0,11,89,0%,0%,79.82,70.37
berlin time zone,0,0,11,18,0%,0%,85.09,70.56
current time in moscow,0,0,10,77,0%,0%,56.7,54.3
russia time zone moscow,0,0,10,36,0%,0%,57.7,60.39
copenhagen time now,0,0,10,2,0%,0%,61.9,58.5
current time in shanghai,0,1,10,29,0%,3.45%,65,54.34
current time in singapore,0,0,10,9,0%,0%,69,70.89
fiji time now,0,0,10,2,0%,0%,72.3,60.5
tbilisi time now,0,0,10,0,0%,0%,73.1,0
time difference between frankfurt germany and tehran iran,0,0,9,0,0%,0%,10,0
time difference são paulo san francisco,0,0,9,31,0%,0%,13.89,17.03
time zone mexico city vs san francisco,0,0,9,10,0%,0%,15.44,16.4
time in male,0,0,9,1,0%,0%,51.67,23
nepal time zone,0,0,9,16,0%,0%,55.56,67.75
current time in berlin,0,0,9,7,0%,0%,56.11,56.71
what is the time in seattle,0,0,9,2,0%,0%,61.22,75.5
time in hong kong,0,0,9,14,0%,0%,63.78,65.5
time in singapore right now,0,0,9,1,0%,0%,66,73
syria time,0,0,9,17,0%,0%,66.11,68.82
time in russia now,0,0,9,37,0%,0%,66.11,60.51
tunisia time,0,0,9,23,0%,0%,66.89,66.09
cyprus time zone,0,0,9,37,0%,0%,70.33,72.49
what time is it in singapore,0,0,9,6,0%,0%,74.56,71.33
time in cairo compared to san francisco,0,0,8,2,0%,0%,11.12,16
time difference san francisco são paulo,0,0,8,16,0%,0%,13.88,13.94
quito time,0,0,8,21,0%,0%,28,40.86
time in costa rica now,0,0,8,12,0%,0%,28.62,41
new york to london time difference,0,0,8,42,0%,0%,54.88,52.64
cairo local time,0,0,8,17,0%,0%,58.88,60.76
what time is it in seattle,0,0,8,7,0%,0%,60.12,60.29
time moscow,0,0,8,29,0%,0%,64.38,63.66
shanghai time now,0,0,8,57,0%,0%,67.5,59.3
estonia time,0,0,8,43,0%,0%,68.62,62.42
time in barbados,0,0,8,7,0%,0%,71.62,59
time tokyo,0,0,8,13,0%,0%,74.5,69.54
time in tokyo,0,0,8,105,0%,0%,104.5,76.71
current time in china vs san francisco,0,0,7,11,0%,0%,16,17.27
dubai kenya time difference,0,0,7,14,0%,0%,24,26.5
london sydney time difference,0,0,7,12,0%,0%,35.29,41.58
time in quito ecuador,0,0,7,24,0%,0%,41.29,31.29
current time in paris france,0,0,7,18,0%,0%,48.14,63.56
time in bulgaria sofia,0,0,7,24,0%,0%,49.43,49
time in sydney vs london,0,0,7,7,0%,0%,52.71,52.14
time in quito,0,0,7,37,0%,0%,52.86,36.73
what time is it in moscow,0,0,7,24,0%,0%,56,66.25
cuba time,0,0,7,18,0%,0%,56.57,49.67
time in egypt cairo,0,0,7,27,0%,0%,59.43,64.48
current time berlin germany,0,0,7,3,0%,0%,62.29,45.33
time georgia tbilisi,0,0,7,1,0%,0%,62.57,67
time in cape verde,0,0,7,20,0%,0%,62.86,70.55
time in turkey istanbul right now,0,0,7,23,0%,0%,64.86,59.3
sao paulo time now,0,0,7,31,0%,0%,66.43,52.35
find a time to meet,0,0,7,62,0%,0%,68.86,69.74
russia time now,0,0,7,17,0%,0%,70.71,64.41
time in russia moscow,0,0,7,11,0%,0%,76.86,65.91
cameroon time,0,0,7,12,0%,0%,81.86,78
berlin time,0,0,7,18,0%,0%,84.29,72.61
what time is it in tokyo,0,0,7,77,0%,0%,86.43,80.86
los angeles international airport seattle time difference,0,0,6,1,0%,0%,9.33,11
current time difference between tokyo and beijing,0,0,6,1,0%,0%,9.67,9
current time difference between new york and nairobi kenya,0,0,6,0,0%,0%,10,0
dubai marina time now,0,0,6,7,0%,0%,10.83,9.71
beijing lagos time difference hours,0,0,6,0,0%,0%,14.83,0
current time sydney vs san francisco,0,0,6,0,0%,0%,16.5,0
cuba time zone utc-5,0,0,6,3,0%,0%,17.83,17.67
brazil current time zone 2026,0,0,6,38,0%,0%,18.67,21.39
time difference new york current location,0,0,6,2,0%,0%,18.67,19.5
time in doha and dubai now,0,0,6,22,0%,0%,23.17,12.14
switzerland to new york time,0,0,6,0,0%,0%,27.5,0
tashkent time,0,0,6,4,0%,0%,35.17,41.5
time in costa rica right now,0,0,6,12,0%,0%,42.83,43.17
current time sao paulo,0,0,6,8,0%,0%,45.17,44.25
time in san salvador,0,0,6,0,0%,0%,46.67,0
seattle time right now,0,0,6,3,0%,0%,47.17,60
time in maputo,0,0,6,0,0%,0%,54.33,0
what time is it in shanghai china now,0,0,6,6,0%,0%,56.5,74.33
current time in sao paulo brazil,0,0,6,11,0%,0%,58.17,46.64
time in georgia tbilisi,0,0,6,1,0%,0%,58.5,37
shanghai local time,0,0,6,14,0%,0%,59.83,55
current time in berlin germany,0,0,6,4,0%,0%,60.83,47.25
time in liberia,0,0,6,0,0%,0%,64.5,0
costa rica time zone,0,0,6,33,0%,0%,64.83,63.03
time istanbul,0,0,6,15,0%,0%,65.17,56.67
time in copenhagen denmark,0,0,6,0,0%,0%,69,0
current time in tokyo,0,0,6,27,0%,0%,71.17,77.37
time in barbados right now,0,0,6,0,0%,0%,77.33,0
what is the time now in cairo egypt,0,0,6,3,0%,0%,78.17,86.67
time in cairo egypt,0,0,6,28,0%,0%,79.5,71.29
current time in london,0,0,6,11,0%,0%,82.33,72.82
paris time now,0,0,6,18,0%,0%,83.33,80.67
current time in hong kong,0,0,6,14,0%,0%,84.33,71.36
time in mumbai,0,0,6,11,0%,0%,87.17,81.73
what's the time difference between ireland and dubai,0,0,5,0,0%,0%,10.4,0
boston nairobi time difference,0,0,5,0,0%,0%,12.4,0
current time in japan vs san francisco,0,0,5,0,0%,0%,14,0
time zone chicago vs san francisco,0,0,5,4,0%,0%,15.4,16.75
current time in rome compared to san francisco,0,0,5,9,0%,0%,15.8,19
philippines new york city time difference,0,0,5,0,0%,0%,16.2,0
nairobi kenya to jakarta indonesia flight time hours,0,0,5,0,0%,0%,18,0
london nairobi time difference,0,0,5,1,0%,0%,18.8,20
time in seattle vs rome georgia,0,0,5,0,0%,0%,19,0
nigeria toronto time difference hours,0,0,5,4,0%,0%,20,14.75
thailand time zone utc offset,0,0,5,2,0%,0%,22.6,15
time difference between singapore and uk,0,0,5,3,0%,0%,35.4,49.33
uzbekistan time zone,0,0,5,34,0%,0%,39.2,41.24
time in costa rica san jose,0,0,5,9,0%,0%,41,45
time in sydney,0,0,5,14,0%,0%,41,63.93
time zone sydney london,0,0,5,9,0%,0%,43,30.22
current time in istanbul,0,0,5,52,0%,0%,44.4,58.37
time in seattle us,0,0,5,2,0%,0%,46.2,91.5
what time is it in shanghai china,0,0,5,20,0%,0%,46.2,67.55
time difference between uk and vancouver,0,0,5,1,0%,0%,46.8,26
current time of berlin,0,0,5,5,0%,0%,47,59.4
time in windhoek,0,0,5,3,0%,0%,48,40
current time in costa rica,0,0,5,30,0%,0%,49.2,34.2
time in dakar,0,0,5,9,0%,0%,52.6,59.22
bratislava time zone,0,0,5,22,0%,0%,52.8,46.59
chisinau time,0,0,5,1,0%,0%,53,64
what time is it in singapore right now,0,0,5,4,0%,0%,53,67.25
current time in china shanghai,0,0,5,21,0%,0%,54.2,55
what is the time in singapore right now,0,0,5,1,0%,0%,55.8,74
time in denmark copenhagen,0,0,5,0,0%,0%,57.6,0
time copenhagen,0,0,5,1,0%,0%,57.8,20
local time hong kong,0,0,5,2,0%,0%,58,45
what time is it in egypt cairo,0,0,5,21,0%,0%,58.2,55.43
what time is it now in china shanghai,0,0,5,13,0%,0%,58.6,65.69
local time berlin,0,0,5,6,0%,0%,58.8,53.5
local time in moscow,0,0,5,11,0%,0%,59.2,58.82
what time is it in south korea seoul,0,0,5,6,0%,0%,60.8,59.67
current time in barbados,0,0,5,0,0%,0%,61.2,0
shanghai china time now,0,0,5,22,0%,0%,61.2,67
time quito,0,0,5,15,0%,0%,61.8,50.8
time in sao paulo brazil,0,0,5,31,0%,0%,63.2,55.68
berlin germany time,0,0,5,8,0%,0%,64.4,56.62
what time in moscow,0,0,5,12,0%,0%,68.2,65.5
time in singapore,0,0,5,0,0%,0%,69.4,0
seattle time now,0,0,5,6,0%,0%,69.6,61.67
moscow local time,0,0,5,3,0%,0%,70.2,59.33
russia time,0,0,5,16,0%,0%,70.4,67.75
what time in paris,0,0,5,10,0%,0%,70.8,77.8
cairo time,0,0,5,46,0%,0%,72.2,61.8
time in berlin germany,0,0,5,5,0%,0%,73.6,77.2
time in seattle now,0,0,5,0,0%,0%,74.6,0
japan time now tokyo,0,0,5,12,0%,0%,75,73.17
what time is it in seoul korea,0,0,5,4,0%,0%,76,73.75
what time is it in singapore now,0,0,5,1,0%,0%,77.4,70
time in berlin now,0,0,5,6,0%,0%,78.8,73.33
time in gambia,0,0,5,3,0%,0%,79.2,66.33
time in paris france,0,0,5,18,0%,0%,79.6,76.61
7am sydney time in london,0,0,5,1,0%,0%,79.8,75
fiji time,0,0,5,0,0%,0%,84.6,0
time in japan tokyo,0,0,5,19,0%,0%,85.6,73.79
what time is it in seoul,0,0,5,10,0%,0%,86.4,74.7
japan tokyo time now,0,0,5,35,0%,0%,89.4,64.77
tokyo time now,0,0,5,33,0%,0%,92,81.91
current time in sydney versus san francisco,0,0,4,0,0%,0%,12,0
current time tokyo vs san francisco,0,0,4,1,0%,0%,16,14
london lagos time difference hours,0,0,4,3,0%,0%,16.25,18
time zone buenos aires vs san francisco,0,0,4,11,0%,0%,16.75,15.91
mexico city time zone vs san francisco,0,0,4,0,0%,0%,17.25,0
dubai time difference kenya,0,0,4,2,0%,0%,18.75,20
time difference london bangkok,0,0,4,2,0%,0%,22,23.5
brazil current time in year of the user's choice,0,0,4,2,0%,0%,23.75,21.5
papua new guinea time zone utc+10,0,0,4,2,0%,0%,25,27
time difference between toronto and california,0,0,4,5,0%,0%,32,52.4
london to sydney time difference,0,0,4,10,0%,0%,36,40.7
abidjan time,0,0,4,1,0%,0%,38.5,48
time difference between los angeles and south africa,0,0,4,0,0%,0%,38.75,0
london time vs los angeles,0,0,4,5,0%,0%,40.25,57.6
what time is it in costa rica right now,0,0,4,5,0%,0%,40.5,43.8
time difference between sydney and london,0,0,4,6,0%,0%,40.75,42
time difference between sydney and auckland,0,0,4,0,0%,0%,41.5,0
cuba time zone,0,0,4,7,0%,0%,42.5,48.14
time difference between london and sydney,0,0,4,14,0%,0%,42.75,45.93
kishinev time,0,0,4,0,0%,0%,44,0
present time in berlin germany,0,0,4,1,0%,0%,47,64
time difference between california and toronto canada,0,0,4,2,0%,0%,47,45
russia time right now,0,0,4,4,0%,0%,47.5,47
time costa rica now,0,0,4,9,0%,0%,48.75,38.89
time zone reykjavik,0,0,4,3,0%,0%,50.25,47.67
vienna time difference,0,0,4,3,0%,0%,50.75,22
brazil sao paulo current time,0,0,4,2,0%,0%,51.25,53.5
cuba time now,0,0,4,10,0%,0%,52.5,52.3
time difference between london and new york,0,0,4,4,0%,0%,52.5,51
tonga time zone,0,0,4,13,0%,0%,53,59.54
paris time difference,0,0,4,3,0%,0%,53.25,33.33
time zone moscow,0,0,4,16,0%,0%,53.5,60.12
maldives time zone,0,0,4,10,0%,0%,53.75,56.5
what time is it in china shanghai,0,0,4,10,0%,0%,53.75,56.5
time in cairo now,0,0,4,10,0%,0%,54,71.7
present time in china shanghai,0,0,4,7,0%,0%,54.75,72.86
local time shanghai,0,0,4,15,0%,0%,56.5,58.4
what is time in istanbul turkey,0,0,4,5,0%,0%,57.5,78.6
current time in seoul,0,0,4,6,0%,0%,59,57.5
what time is it in korea seoul,0,0,4,3,0%,0%,59,57.67
time in germany berlin,0,0,4,4,0%,0%,60.25,68.25
24 hours independent in lisbon,0,0,4,4,0%,0%,62.5,63.25
what time is it in sao paulo brazil,0,0,4,13,0%,0%,63,60.92
berlin local time,0,0,4,5,0%,0%,63.5,74.4
what time in istanbul,0,0,4,6,0%,0%,63.5,72.17
current time in istanbul turkey,0,0,4,7,0%,0%,63.75,62.29
time costa rica,0,0,4,2,0%,0%,64.5,55.5
time in singapore just now,0,0,4,4,0%,0%,64.75,72.75
time in chennai,0,0,4,5,0%,0%,65,73.6
time in marrakech now,0,0,4,3,0%,0%,65.5,68
time in china shanghai,0,0,4,41,0%,0%,65.75,60.51
local time in singapore,0,0,4,1,0%,0%,66.25,63
what is the time now in cairo,0,0,4,6,0%,0%,66.75,60.17
time in russia moscow now,0,0,4,16,0%,0%,68.5,56.5
time now in singapore,0,0,4,1,0%,0%,68.5,75
time in seattle right now,0,0,4,0,0%,0%,69,0
libya time,0,0,4,7,0%,0%,70,69.86
what time in sao paulo brazil,0,0,4,13,0%,0%,70.5,57.15
what time in tokyo,0,0,4,11,0%,0%,70.75,69.18
time in seoul korea,0,0,4,0,0%,0%,71.25,0
what is the time in china shanghai,0,0,4,5,0%,0%,71.75,73.2
what time is it in russia,0,0,4,14,0%,0%,71.75,52.36
seattle local time,0,0,4,1,0%,0%,73.25,49
moscow time zone,0,0,4,3,0%,0%,74.25,81
time in fiji now,0,0,4,1,0%,0%,74.25,79
bahrain country time,0,0,4,10,0%,0%,75.25,80.8
sudan time,0,0,4,0,0%,0%,76.5,0
moscow+time,0,0,4,0,0%,0%,77.75,0
tokyo japan time now,0,0,4,5,0%,0%,79,78.8
time in tbilisi,0,0,4,3,0%,0%,81.75,58
malta local time,0,0,4,3,0%,0%,82,85
tashkent time zone utc+5 no daylight saving,0,0,3,0,0%,0%,10.67,0
time difference between dublin and dubai,0,0,3,6,0%,0%,11.33,11.67
current time in delhi compared to san francisco,0,0,3,0,0%,0%,11.67,0
dublin to dubai time difference,0,0,3,1,0%,0%,12,11
current time in paris compared to san francisco,0,0,3,11,0%,0%,13,13.73
doha bangkok time difference,0,0,3,1,0%,0%,13.33,11
current time in japan versus san francisco,0,0,3,0,0%,0%,13.67,0
chennai time latest,0,0,3,11,0%,0%,14.33,16.45
current time in china compared to san francisco,0,0,3,3,0%,0%,14.33,14.33
san francisco time difference nigeria,0,0,3,0,0%,0%,14.67,0
nigeria chicago time difference hours,0,0,3,4,0%,0%,15,15.75
doha london time difference,0,0,3,4,0%,0%,15.33,18.75
time zone san francisco vs los angeles,0,0,3,0,0%,0%,15.67,0
paris lagos time difference,0,0,3,2,0%,0%,16.33,19
time zone rome georgia vs seattle washington,0,0,3,4,0%,0%,16.33,18
brazil current time zone utc offset 2026,0,0,3,1,0%,0%,16.67,20
brazil time zones cities current time 2026,0,0,3,0,0%,0%,17.67,0
current time brazil morning afternoon evening,0,0,3,3,0%,0%,17.67,18
lagos new york time difference hours,0,0,3,8,0%,0%,18,19.25
time zone rome georgia vs seattle,0,0,3,8,0%,0%,18.67,19.5
brazil nigeria time difference morning hours,0,0,3,2,0%,0%,19,16.5
são paulo timezone offset,0,0,3,1,0%,0%,19,17
los angeles nigeria time difference hours,0,0,3,1,0%,0%,19.33,20
how many hours ahead is london from los angeles,0,0,3,4,0%,0%,22,30.75
how hours days does it take for london to nigeria,0,0,3,0,0%,0%,24,0
time difference los angeles and london,0,0,3,9,0%,0%,26,38.33
quito ecuador time,0,0,3,7,0%,0%,28.67,39.86
cadiz spain time,0,0,3,2,0%,0%,29,27
sydney auckland time difference,0,0,3,3,0%,0%,29.33,26.67
copenhagen denmark local time,0,0,3,0,0%,0%,30.67,0
singapore time to dubai time,0,0,3,3,0%,0%,32.67,44
dubai right now,0,0,3,0,0%,0%,33,0
time in london and sydney,0,0,3,0,0%,0%,33.67,0
time difference between doha and london,0,0,3,2,0%,0%,34.33,38
seattle uk time difference,0,0,3,1,0%,0%,36,31
time difference between los angeles and sydney australia,0,0,3,1,0%,0%,36.33,30
seattle wa usa time now,0,0,3,2,0%,0%,36.67,37.5
4pm singapore time in uk,0,0,3,0,0%,0%,37.67,0
singapore uk time difference,0,0,3,7,0%,0%,37.67,40.29
singapore and dubai time difference,0,0,3,0,0%,0%,39,0
singapore dubai time difference,0,0,3,1,0%,0%,39,38
time in male maldives,0,0,3,1,0%,0%,39,22
time costa rica right now,0,0,3,1,0%,0%,39.67,51
time in san jose costa rica,0,0,3,24,0%,0%,40.33,41.58
time in marrakech morocco,0,0,3,11,0%,0%,41.67,49.45
time difference between london and sydney australia,0,0,3,19,0%,0%,43,44.47
time in ecuador quito,0,0,3,11,0%,0%,43.33,42.91
tunisia time now,0,0,3,7,0%,0%,43.67,59.57
eindhoven netherlands time,0,0,3,1,0%,0%,44,47
what is the time zone of costa rica,0,0,3,1,0%,0%,45.33,53
london time vs ny time,0,0,3,0,0%,0%,45.67,0
time zone norway,0,0,3,9,0%,0%,45.67,54.67
what is the time in windhoek namibia,0,0,3,0,0%,0%,45.67,0
what time in san jose costa rica,0,0,3,1,0%,0%,45.67,56
time difference between california and singapore,0,0,3,0,0%,0%,46,0
time now in russia moscow,0,0,3,16,0%,0%,46,53
time shanghai,0,0,3,5,0%,0%,46,47.4
current time in turkey istanbul,0,0,3,14,0%,0%,46.33,56.71
time in brazil são paulo,0,0,3,15,0%,0%,46.33,46.53
time in los angeles and london,0,0,3,3,0%,0%,48,48.33
cairo egypt time,0,0,3,15,0%,0%,48.33,60.53
congo local time,0,0,3,0,0%,0%,48.33,0
sofia bulgaria time,0,0,3,6,0%,0%,49,48.5
current time china shanghai,0,0,3,2,0%,0%,50,62
time in sofia bulgaria,0,0,3,20,0%,0%,50,47.7
uk singapore time difference,0,0,3,5,0%,0%,50,52.8
current time moscow,0,0,3,19,0%,0%,50.33,57.11
current time at berlin,0,0,3,1,0%,0%,50.67,26
london australia time difference,0,0,3,17,0%,0%,50.67,44.35
time difference uk australia sydney,0,0,3,3,0%,0%,50.67,38.67
current time costa rica,0,0,3,2,0%,0%,51,53.5
what time zone is iceland,0,0,3,0,0%,0%,51,0
time in morocco marrakech,0,0,3,14,0%,0%,51.33,52.71
time skopje,0,0,3,0,0%,0%,51.67,0
time in tunis,0,0,3,20,0%,0%,52,49.5
what time in mogadishu,0,0,3,0,0%,0%,52,0
time is moscow,0,0,3,5,0%,0%,52.33,71.8
time in brazil sao paulo,0,0,3,29,0%,0%,52.67,46.62
time russia,0,0,3,4,0%,0%,52.67,45
time difference between uk and sydney,0,0,3,4,0%,0%,53.67,40.75
local time seoul,0,0,3,0,0%,0%,54.33,0
present time in barbados,0,0,3,2,0%,0%,55,39
what is the time in russia,0,0,3,6,0%,0%,55.33,60.5
uk time vs singapore time,0,0,3,3,0%,0%,55.67,46.33
cape verde time,0,0,3,15,0%,0%,56,71.93
local time sao paulo,0,0,3,20,0%,0%,56,53.2
paraguay time zone,0,0,3,9,0%,0%,56.33,56.67
what is the time in shanghai china now,0,0,3,4,0%,0%,56.33,64.75
6pm sydney time in london,0,0,3,0,0%,0%,56.67,0
time egypt cairo,0,0,3,3,0%,0%,56.67,54.33
current time at costa rica,0,0,3,0,0%,0%,58,0
current time berlin,0,0,3,8,0%,0%,58.33,41.75
what time zone is costa rica,0,0,3,15,0%,0%,58.33,55.47
current time in brazil sao paulo,0,0,3,4,0%,0%,58.67,49.25
local time costa rica,0,0,3,11,0%,0%,59,43.82
time in san paulo,0,0,3,0,0%,0%,59.33,0
time now in istanbul turkey,0,0,3,3,0%,0%,59.33,50.33
cabo verde time zone,0,0,3,4,0%,0%,59.67,53
current time paris,0,0,3,9,0%,0%,59.67,66.22
time in cameroon,0,0,3,31,0%,0%,59.67,70.9
time in cuban,0,0,3,1,0%,0%,59.67,99
current time bangkok,0,0,3,17,0%,0%,60,45.47
time zone in moscow,0,0,3,3,0%,0%,60,60
moldova time,0,0,3,14,0%,0%,60.67,68.36
monrovia time,0,0,3,0,0%,0%,62,0
uk time to sg time,0,0,3,3,0%,0%,62,64
actual time in moscow,0,0,3,20,0%,0%,62.33,58
kyrgyzstan time zone,0,0,3,14,0%,0%,62.33,58.86
time zone malta,0,0,3,2,0%,0%,62.33,70.5
bratislava time,0,0,3,6,0%,0%,63,61.83
time difference between vancouver and london,0,0,3,2,0%,0%,63.33,46.5
ghana time zone,0,0,3,28,0%,0%,63.67,64.57
time sao paulo,0,0,3,10,0%,0%,63.67,56.9
current time in sydney australia now,0,0,3,1,0%,0%,64.33,76
time in the congo,0,0,3,0,0%,0%,64.67,0
time now at seattle,0,0,3,0,0%,0%,65.67,0
what time zone is moscow,0,0,3,4,0%,0%,65.67,62
6pm singapore time to uk time,0,0,3,0,0%,0%,66.33,0
bahrain time zone,0,0,3,14,0%,0%,66.67,69.07
time in bratislava,0,0,3,3,0%,0%,66.67,48
istanbul time now,0,0,3,55,0%,0%,67.33,59.96
time in moscow now,0,0,3,14,0%,0%,67.33,61.93
time is it in singapore,0,0,3,0,0%,0%,67.33,0
seychelles time zone,0,0,3,3,0%,0%,67.67,91.67
time in moscow russia,0,0,3,22,0%,0%,67.67,64.77
what is the time in fiji,0,0,3,0,0%,0%,67.67,0
time now in seoul,0,0,3,2,0%,0%,68,80
time seoul,0,0,3,2,0%,0%,68.33,76.5
berlin time current,0,0,3,1,0%,0%,69.33,68
current time in sydney australia,0,0,3,2,0%,0%,69.33,68.5
london time to sydney time,0,0,3,3,0%,0%,69.67,45.33
paris time right now,0,0,3,4,0%,0%,70,78.25
são paulo time now,0,0,3,8,0%,0%,71,52.88
time in sydney right now,0,0,3,8,0%,0%,71,59.62
time in istanbul right now,0,0,3,10,0%,0%,71.33,66.1
time zone berlin,0,0,3,3,0%,0%,71.33,55.33
what time is it in copenhagen denmark,0,0,3,1,0%,0%,71.67,67
current time in london right now,0,0,3,2,0%,0%,72,47.5
local time bangkok thailand,0,0,3,2,0%,0%,72,58.5
london to new york time zone,0,0,3,5,0%,0%,72.33,60.4
present time at singapore,0,0,3,0,0%,0%,72.33,0
time in singapore singapore,0,0,3,0,0%,0%,72.33,0
time now fiji,0,0,3,0,0%,0%,72.33,0
flight london to sydney time,0,0,3,0,0%,0%,73,0
current time in egypt cairo,0,0,3,7,0%,0%,73.67,58.43
paris local time,0,0,3,6,0%,0%,73.67,65.33
time of cairo,0,0,3,18,0%,0%,73.67,79.94
what is current time in london now,0,0,3,5,0%,0%,73.67,47.8
local time mumbai india,0,0,3,1,0%,0%,74,34
malta time zone,0,0,3,16,0%,0%,74.33,71.5
moscow ti,0,0,3,1,0%,0%,74.67,83
what time is it in russia moscow,0,0,3,7,0%,0%,74.67,65.14
time in sudan,0,0,3,0,0%,0%,76,0
what time zone is berlin germany in,0,0,3,0,0%,0%,76,0
france paris time now,0,0,3,7,0%,0%,76.33,65.86
current time in singapore right now,0,0,3,0,0%,0%,77,0
tokyo time right now,0,0,3,13,0%,0%,77,76.85
tunisia time zone,0,0,3,4,0%,0%,77.67,71
time in moscow russia now,0,0,3,16,0%,0%,78.33,67.75
what time in japan tokyo now,0,0,3,7,0%,0%,79,67.14
time difference london new york,0,0,3,2,0%,0%,80,47
time in singapore now,0,0,3,13,0%,0%,81,71.38
what is the time now in japan tokyo,0,0,3,3,0%,0%,81,78
what time is it in hong kong,0,0,3,15,0%,0%,81.67,58.93
current time tokyo,0,0,3,10,0%,0%,82,79.2
what time is sydney right now,0,0,3,3,0%,0%,82,59
time in syria,0,0,3,8,0%,0%,82.33,74.75
current time of singapore,0,0,3,4,0%,0%,83,85.75
time now in seoul korea,0,0,3,1,0%,0%,83.33,47
what is the time singapore,0,0,3,3,0%,0%,83.33,66
time in russia now moscow,0,0,3,9,0%,0%,83.67,69.44
present time london,0,0,3,5,0%,0%,84,57.8
tokyo time,0,0,3,10,0%,0%,84.33,89.1
current time london,0,0,3,1,0%,0%,86.33,77
what is time hong kong,0,0,3,16,0%,0%,86.33,65.88
time in myrtle beach,0,0,3,3,0%,0%,87,81.67
london local time right now,0,0,3,0,0%,0%,87.33,0
11am london time in sydney,0,0,3,1,0%,0%,87.67,66
what is the current time now in london,0,0,3,6,0%,0%,88.67,59.67
time fiji now,0,0,3,0,0%,0%,92,0
tonga time,0,0,3,4,0%,0%,92,68.75
time berlin,0,0,3,4,0%,0%,93.33,87
la to sydney time,0,0,3,3,0%,0%,93.67,93
current time in london now,0,0,3,8,0%,0%,96,65.75
time difference new york london,0,0,3,3,0%,0%,98.33,44.33
what is the time in berkeley,0,0,2,0,0%,0%,3,0
business hours closing time,0,0,2,5,0%,0%,5.5,6
current time in port harcourt nigeria wat,0,0,2,0,0%,0%,9,0
time difference melbourne lisbon daylight saving,0,0,2,3,0%,0%,9,9.67
current time difference between london and tehran,0,0,2,0,0%,0%,9.5,0
time difference shanghai cairo,0,0,2,31,0%,0%,9.5,10.35
toronto time to beijing time,0,0,2,0,0%,0%,9.5,0
sydney business hours,0,0,2,9,0%,0%,10,12.33
boston time to kenya time,0,0,2,2,0%,0%,10.5,22.5
barcelona to new york time,0,0,2,0,0%,0%,11,0
dublin dubai time difference,0,0,2,2,0%,0%,11,12.5
sydney to tehran time,0,0,2,0,0%,0%,11,0
time difference between doha and nairobi,0,0,2,4,0%,0%,11,10.75
time difference between mumbai and doha,0,0,2,5,0%,0%,11,9.8
doha to toronto time,0,0,2,0,0%,0%,11.5,0
time difference between dublin and istanbul,0,0,2,4,0%,0%,11.5,11.5
time difference between kenya and doha,0,0,2,0,0%,0%,11.5,0
current time in tirupati,0,0,2,0,0%,0%,12,0
tashkent time zone utc+5 no daylight saving time,0,0,2,0,0%,0%,12,0
time difference dublin to dubai,0,0,2,1,0%,0%,12,10
time difference vienna sydney,0,0,2,0,0%,0%,12,0
barcelona time to singapore time,0,0,2,1,0%,0%,13.5,10
current time in tokyo versus san francisco,0,0,2,0,0%,0%,14,0
rome nigeria time difference,0,0,2,0,0%,0%,14,0
san francisco nigeria time difference,0,0,2,11,0%,0%,14.5,15.73
sydney australia nigeria time difference,0,0,2,5,0%,0%,14.5,15.2
cairo lagos time difference hours,0,0,2,0,0%,0%,15,0
chicago nairobi time difference,0,0,2,0,0%,0%,15.5,0
thailand time zone utc+7 current time,0,0,2,2,0%,0%,15.5,19.5
time difference between shanghai and los angeles,0,0,2,0,0%,0%,16,0
dubai vs singapore time difference,0,0,2,0,0%,0%,16.5,0
what time is it in san jose costa rica,0,0,2,5,0%,0%,17,37.6
nigeria sydney australia time difference,0,0,2,1,0%,0%,17.5,15
vienna time zone utc offset,0,0,2,0,0%,0%,17.5,0
current time in tokyo vs san francisco,0,0,2,0,0%,0%,18,0
current time los angeles nigeria time difference,0,0,2,0,0%,0%,18,0
kenya qatar time difference,0,0,2,2,0%,0%,18,16.5
paraguay time zone utc-4,0,0,2,1,0%,0%,18,20
current time paris vs san francisco,0,0,2,0,0%,0%,18.5,0
time difference rome ga seattle,0,0,2,8,0%,0%,18.5,16.12
time in bangkok,0,0,2,21,0%,0%,18.5,53.86
brazil current time day or night,0,0,2,2,0%,0%,19,17
new york time zone utc offset 2026,0,0,2,0,0%,0%,19,0
qatar time difference kenya,0,0,2,0,0%,0%,19,0
current time paris compared to san francisco,0,0,2,2,0%,0%,19.5,13
how many hours ahead is it in são paulo,0,0,2,8,0%,0%,19.5,22.88
thailand current time zone utc+7,0,0,2,0,0%,0%,20,0
time in paris city,0,0,2,0,0%,0%,21,0
cape verde current time zone,0,0,2,0,0%,0%,22,0
time difference rome georgia seattle,0,0,2,14,0%,0%,22,19.93
new york to barcelona time difference,0,0,2,0,0%,0%,22.5,0
dubai singapore time difference,0,0,2,2,0%,0%,23,24.5
time difference los angeles and new york,0,0,2,0,0%,0%,23.5,0
time difference los angeles bangkok,0,0,2,0,0%,0%,24,0
time in new york,0,0,2,0,0%,0%,24.5,0
time difference between los angeles and new york,0,0,2,5,0%,0%,25,26.8
time zone london sydney,0,0,2,12,0%,0%,25.5,31.83
australia to nigeria time difference,0,0,2,1,0%,0%,26,26
time zone skopje,0,0,2,0,0%,0%,26,0
time difference between uk and la,0,0,2,1,0%,0%,26.5,57
current time in costa rica san jose,0,0,2,1,0%,0%,27,53
italy nigeria time difference,0,0,2,5,0%,0%,27,26.6
time difference between bangkok and los angeles,0,0,2,0,0%,0%,27,0
time difference la and new york,0,0,2,1,0%,0%,27,74
switzerland to new york time difference,0,0,2,0,0%,0%,27.5,0
dubai time vs new york,0,0,2,1,0%,0%,28,26
barcelona time,0,0,2,1,0%,0%,28.5,29
time difference between chicago and zurich,0,0,2,0,0%,0%,28.5,0
dubai and singapore time difference,0,0,2,3,0%,0%,29.5,25
time difference between uk and canada vancouver,0,0,2,2,0%,0%,29.5,29.5
time difference switzerland sydney australia,0,0,2,3,0%,0%,29.5,29
time now in bridgetown barbados,0,0,2,0,0%,0%,29.5,0
cairo egypt time now,0,0,2,31,0%,0%,30,56.26
time difference between new york city and london,0,0,2,0,0%,0%,30,0
time difference los angeles london,0,0,2,3,0%,0%,30.5,40.33
time difference shanghai,0,0,2,0,0%,0%,30.5,0
london to bangkok time difference,0,0,2,0,0%,0%,31,0
london singapore time difference,0,0,2,7,0%,0%,32.5,39.86
what time in cairo,0,0,2,5,0%,0%,33,55.8
dakar time,0,0,2,6,0%,0%,33.5,43.17
los angeles tokyo time,0,0,2,1,0%,0%,33.5,26
sydney to london time,0,0,2,2,0%,0%,33.5,52.5
time in apia,0,0,2,4,0%,0%,33.5,31.25
time difference singapore to london,0,0,2,1,0%,0%,34,44
time london los angeles,0,0,2,5,0%,0%,34,56.6
maputo time,0,0,2,2,0%,0%,34.5,15.5
time difference between dubai and new york,0,0,2,10,0%,0%,35,46.8
what time is it in seoul right now,0,0,2,0,0%,0%,35.5,0
time difference between new york and london,0,0,2,11,0%,0%,36,52.82
time difference with la,0,0,2,1,0%,0%,37,27
9am singapore time to uk time,0,0,2,5,0%,0%,38,79.8
japan time to vancouver time,0,0,2,0,0%,0%,38,0
time difference between sydney australia and auckland new zealand,0,0,2,2,0%,0%,38,28
time in istanbul now,0,0,2,15,0%,0%,38.5,69.2
what time is in fresno,0,0,2,1,0%,0%,38.5,95
time difference in new york and london,0,0,2,4,0%,0%,39,51.25
what's the time in bangkok,0,0,2,4,0%,0%,39,52.25
5pm singapore time to uk,0,0,2,0,0%,0%,39.5,0
london time to kenya time,0,0,2,0,0%,0%,39.5,0
qatar time difference,0,0,2,7,0%,0%,40,42.43
time difference vancouver london,0,0,2,1,0%,0%,40.5,46
time in cameroon douala,0,0,2,4,0%,0%,40.5,35.75
london to los angeles time difference,0,0,2,3,0%,0%,41,38.33
sydney uk time difference,0,0,2,6,0%,0%,41.5,43.5
london time and singapore time,0,0,2,1,0%,0%,42,28
time in copenhagen right now,0,0,2,1,0%,0%,42,32
tokyo time difference,0,0,2,5,0%,0%,42,34.2
japan to france time,0,0,2,0,0%,0%,42.5,0
singapore to london time difference,0,0,2,7,0%,0%,42.5,37.14
time difference between south africa and turkey,0,0,2,0,0%,0%,42.5,0
estonia time zone,0,0,2,13,0%,0%,43,50.62
monrovia liberia time,0,0,2,0,0%,0%,43,0
san jose costa rica time,0,0,2,9,0%,0%,43.5,33.56
time in berlin germany right now,0,0,2,0,0%,0%,43.5,0
current time in seattle,0,0,2,4,0%,0%,44,53.25
current time in shanghai china,0,0,2,13,0%,0%,44,58.77
time in windhoek namibia,0,0,2,2,0%,0%,44,41
time zones norway,0,0,2,3,0%,0%,44,51
fresno time,0,0,2,0,0%,0%,44.5,0
germany time berlin,0,0,2,0,0%,0%,44.5,0
malé time,0,0,2,3,0%,0%,44.5,59.33
reykjavik time zone,0,0,2,2,0%,0%,44.5,49.5
shanghai time difference,0,0,2,0,0%,0%,44.5,0
singapore time difference uk,0,0,2,4,0%,0%,44.5,53.25
current time at shanghai,0,0,2,11,0%,0%,45,67.27
what time is it in kabul afghanistan,0,0,2,0,0%,0%,45,0
honiara time,0,0,2,3,0%,0%,45.5,38.67
time difference new york la,0,0,2,2,0%,0%,45.5,35
windhoek time now,0,0,2,0,0%,0%,45.5,0
denmark copenhagen time,0,0,2,1,0%,0%,46,12
douala time,0,0,2,8,0%,0%,46,46.25
london to sydney time converter,0,0,2,1,0%,0%,46,52
time in reykjavik,0,0,2,9,0%,0%,46,47.22
current time in tirana albania,0,0,2,0,0%,0%,46.5,0
luanda time,0,0,2,2,0%,0%,46.5,42
new york hong kong time difference,0,0,2,2,0%,0%,46.5,32
sydney time difference uk,0,0,2,2,0%,0%,46.5,42
what time is in istanbul turkey,0,0,2,6,0%,0%,46.5,74
flight from tokyo to los angeles time,0,0,2,3,0%,0%,47.5,36
time in nassau,0,0,2,0,0%,0%,47.5,0
what time is it russia now,0,0,2,2,0%,0%,47.5,63
what's the time in moscow,0,0,2,0,0%,0%,47.5,0
la nyc time difference,0,0,2,3,0%,0%,48,66.67
time in douala cameroon,0,0,2,4,0%,0%,48,50.25
time zone yemen,0,0,2,1,0%,0%,48,74
what time is costa rica on,0,0,2,0,0%,0%,48,0
what time is it in berlin,0,0,2,7,0%,0%,48,54.29
time in tunis tunisia,0,0,2,5,0%,0%,48.5,49.2
time in vanuatu,0,0,2,6,0%,0%,48.5,71
time zone in sao paulo,0,0,2,4,0%,0%,48.5,60
what time is it now in russia,0,0,2,2,0%,0%,48.5,50.5
local time in costa rica,0,0,2,2,0%,0%,49.5,61
marshall islands time,0,0,2,2,0%,0%,49.5,78
time difference paris los angeles,0,0,2,1,0%,0%,49.5,20
time difference uk and singapore,0,0,2,5,0%,0%,49.5,47
how many hours ahead is switzerland than new york,0,0,2,0,0%,0%,50,0
san francisco time,0,0,2,8,0%,0%,50,44.75
sydney time difference,0,0,2,0,0%,0%,50,0
what time is it in tunis tunisia,0,0,2,4,0%,0%,50,53.5
current time in majuro marshall islands,0,0,2,0,0%,0%,50.5,0
sgp time,0,0,2,1,0%,0%,50.5,46
what is the time in singapore,0,0,2,2,0%,0%,50.5,44
costa rica local time,0,0,2,17,0%,0%,51,49.41
4pm uk time to vancouver time,0,0,2,0,0%,0%,52,0
london to bangkok time,0,0,2,0,0%,0%,52,0
marrakech time now,0,0,2,6,0%,0%,52,50
sudan time now,0,0,2,0,0%,0%,52,0
time in russia right now,0,0,2,11,0%,0%,52,48.64
time in tunisia now,0,0,2,3,0%,0%,52,36.67
what time is it in seattle usa,0,0,2,0,0%,0%,52,0
time in france paris,0,0,2,9,0%,0%,52.5,69.89
what is the singapore time now,0,0,2,2,0%,0%,52.5,50.5
what time is it in sydney australia,0,0,2,3,0%,0%,52.5,64.33
time in guernsey channel islands now,0,0,2,1,0%,0%,53,17
time male maldives,0,0,2,0,0%,0%,53,0
norwegian time zone,0,0,2,15,0%,0%,53.5,50
san jose costa rica local time,0,0,2,8,0%,0%,53.5,49.88
time difference uk and la,0,0,2,7,0%,0%,53.5,49.86
time now moscow,0,0,2,4,0%,0%,53.5,55.25
bolivia time zone,0,0,2,2,0%,0%,54,49
time in benin republic,0,0,2,7,0%,0%,54,58.29
time difference between uk and new york usa,0,0,2,0,0%,0%,54.5,0
what time is it in costa rica san jose,0,0,2,3,0%,0%,54.5,40.33
time in moscow right now,0,0,2,4,0%,0%,55,49
what time now singapore,0,0,2,0,0%,0%,55,0
ny to london time,0,0,2,3,0%,0%,55.5,65.67
time at sao paulo,0,0,2,0,0%,0%,55.5,0
time in laos,0,0,2,13,0%,0%,55.5,64.69
windhoek time zone,0,0,2,1,0%,0%,55.5,32
uk to singapore time difference,0,0,2,2,0%,0%,56,48.5
current time moscow russia,0,0,2,3,0%,0%,56.5,52
grand rapids mi time now,0,0,2,0,0%,0%,56.5,0
guangzhou to boston,0,0,2,0,0%,0%,56.5,0
iceland time zone,0,0,2,14,0%,0%,56.5,53.71
seoul hour,0,0,2,0,0%,0%,56.5,0
shanghai time,0,0,2,20,0%,0%,56.5,68.25
time in el salvador now,0,0,2,0,0%,0%,56.5,0
time in syria am or pm,0,0,2,1,0%,0%,56.5,69
what time is costa rica,0,0,2,2,0%,0%,56.5,81.5
current sao paulo time,0,0,2,3,0%,0%,57,67.67
maldives time now,0,0,2,0,0%,0%,57,0
sydney and london time difference,0,0,2,2,0%,0%,57,40
time difference south africa and turkey,0,0,2,0,0%,0%,57,0
time in sydney australia,0,0,2,3,0%,0%,57,58
ghana time zone gmt,0,0,2,2,0%,0%,57.5,67.5
current time in seattle now,0,0,2,0,0%,0%,58,0
local time in san jose costa rica,0,0,2,9,0%,0%,58,60.44
los angeles time to uk,0,0,2,1,0%,0%,58,48
sau paulo time,0,0,2,0,0%,0%,58,0
time difference australia and london,0,0,2,4,0%,0%,58,40.75
time in south korea seoul,0,0,2,1,0%,0%,58,75
time in tashkent uzbekistan,0,0,2,0,0%,0%,58,0
current shanghai time,0,0,2,8,0%,0%,59,58.62
shanghai china local time,0,0,2,2,0%,0%,59,76
time in liberia africa,0,0,2,0,0%,0%,59,0
what time is seoul korea,0,0,2,2,0%,0%,59,66
current time in tunisia,0,0,2,0,0%,0%,59.5,0
the time in liberia,0,0,2,0,0%,0%,59.5,0
time in seattle washington state,0,0,2,0,0%,0%,59.5,0
what is the time difference between london and los angeles,0,0,2,0,0%,0%,59.5,0
germany berlin time,0,0,2,1,0%,0%,60,50
time in fiji island now,0,0,2,1,0%,0%,60,99
time zone in bahrain,0,0,2,7,0%,0%,60,55.57
what day is it in tokyo,0,0,2,0,0%,0%,60,0
what is the current time in russia,0,0,2,2,0%,0%,60,60
what time is it in cuba,0,0,2,13,0%,0%,60,62.85
lesotho time,0,0,2,0,0%,0%,60.5,0
time difference new york and london,0,0,2,4,0%,0%,60.5,37.5
time in benin,0,0,2,4,0%,0%,60.5,70.75
time now copenhagen,0,0,2,2,0%,0%,60.5,61.5
time+in+berlin,0,0,2,0,0%,0%,60.5,0
what is the time in tokyo,0,0,2,8,0%,0%,60.5,72.38
berlin germany time right now,0,0,2,1,0%,0%,61,29
current time of paris,0,0,2,1,0%,0%,61,65
time of costa rica,0,0,2,7,0%,0%,61,66.43
what is time now in chennai,0,0,2,0,0%,0%,61,0
what time costa rica,0,0,2,7,0%,0%,61,51.14
what time is it tokyo japan,0,0,2,0,0%,0%,61,0
what's the current time in sydney australia,0,0,2,4,0%,0%,61,84.25
paris to sg time,0,0,2,0,0%,0%,61.5,0
seoul time now,0,0,2,4,0%,0%,61.5,70.75
time denmark copenhagen right now,0,0,2,0,0%,0%,61.5,0
time in chisinau,0,0,2,0,0%,0%,61.5,0
3pm sg time to uk time,0,0,2,0,0%,0%,62,0
brazil time são paulo,0,0,2,4,0%,0%,62,49.75
moscow time zone now,0,0,2,7,0%,0%,62,60.57
sg time to uk time,0,0,2,1,0%,0%,62,96
what is the time in brazil sao paulo,0,0,2,9,0%,0%,62,48.44
current time of sydney australia,0,0,2,1,0%,0%,62.5,86
local time in china shanghai,0,0,2,4,0%,0%,62.5,56.75
local hong kong time,0,0,2,0,0%,0%,63,0
qatar time zone,0,0,2,2,0%,0%,63,60.5
time now paris,0,0,2,2,0%,0%,63,44.5
turkey istanbul time now,0,0,2,23,0%,0%,63,51
bhutan time zone,0,0,2,7,0%,0%,63.5,76.29
honduras time,0,0,2,32,0%,0%,63.5,70.47
what is time now in russia,0,0,2,4,0%,0%,63.5,57.25
current time in germany berlin,0,0,2,6,0%,0%,64,44.67
los angeles to sydney time,0,0,2,1,0%,0%,64,33
time in liberia monrovia,0,0,2,0,0%,0%,64,0
8pm sydney time in london,0,0,2,1,0%,0%,64.5,65
fiji now time,0,0,2,0,0%,0%,64.5,0
chennai time now,0,0,2,5,0%,0%,65,60.4
france paris time right now,0,0,2,0,0%,0%,65,0
moskov time,0,0,2,0,0%,0%,65,0
time difference between london and vancouver,0,0,2,0,0%,0%,65,0
time zone bahrain,0,0,2,2,0%,0%,65,56
what time is it right now in berlin,0,0,2,0,0%,0%,65,0
time in albania tirana,0,0,2,13,0%,0%,65.5,46.38
time zone monaco,0,0,2,6,0%,0%,65.5,67.83
24 hours in new york city,0,0,2,1,0%,0%,66,50
brazil time now sao paulo,0,0,2,2,0%,0%,66,54.5
seoul south korea local time,0,0,2,0,0%,0%,66,0
current time in copenhagen,0,0,2,0,0%,0%,66.5,0
7pm sydney time in london,0,0,2,2,0%,0%,67,73.5
current time in hong kong right now,0,0,2,0,0%,0%,67.5,0
current time in quito ecuador,0,0,2,1,0%,0%,68,63
current time in seoul korea,0,0,2,0,0%,0%,68.5,0
moscow russia time,0,0,2,27,0%,0%,68.5,59.63
time difference london and new york,0,0,2,1,0%,0%,69,49
singapore to london time,0,0,2,11,0%,0%,69.5,45.36
time in seattle just now,0,0,2,0,0%,0%,69.5,0
time right now in singapore,0,0,2,0,0%,0%,69.5,0
tirana time,0,0,2,6,0%,0%,69.5,54.17
what is the current time in hong kong,0,0,2,0,0%,0%,69.5,0
gambia time zone,0,0,2,9,0%,0%,70,62.89
nyc to london time difference,0,0,2,3,0%,0%,70,55.33
paris time current,0,0,2,3,0%,0%,70,74.33
singapore what time is it,0,0,2,1,0%,0%,70,62
time in london uk now right now,0,0,2,2,0%,0%,70,80
time now at cairo,0,0,2,3,0%,0%,70,84.67
time now tunisia,0,0,2,2,0%,0%,70,51
what time zone is nicaragua in,0,0,2,0,0%,0%,70,0
current time in japan tokyo,0,0,2,14,0%,0%,70.5,67.14
local time in sydney australia,0,0,2,0,0%,0%,70.5,0
london to sydney time,0,0,2,8,0%,0%,70.5,41
time in sydney australia right now,0,0,2,1,0%,0%,70.5,66
what is the time in tbilisi georgia,0,0,2,0,0%,0%,70.5,0
what time zone is berlin,0,0,2,1,0%,0%,70.5,68
5pm singapore time to uk time,0,0,2,2,0%,0%,71,86.5
bahamas time,0,0,2,1,0%,0%,71,75
drc congo time zone,0,0,2,0,0%,0%,71,0
estonia times,0,0,2,1,0%,0%,71,56
gambia time,0,0,2,1,0%,0%,71,93
paris france time now,0,0,2,3,0%,0%,71,65.33
sudan time zone,0,0,2,3,0%,0%,71,76.67
time in namibia africa,0,0,2,0,0%,0%,71,0
what is the time in namibia right now,0,0,2,0,0%,0%,71,0
what time is it in seattle right now,0,0,2,0,0%,0%,71,0
whats the time now in singapore,0,0,2,1,0%,0%,71,74
time in seatle,0,0,2,0,0%,0%,71.5,0
what time is it shanghai,0,0,2,5,0%,0%,71.5,36.6
current barbados time,0,0,2,0,0%,0%,72,0
local time in paris,0,0,2,1,0%,0%,72,96
present time in seattle usa,0,0,2,0,0%,0%,72,0
time difference between uk and new york,0,0,2,1,0%,0%,72,46
time sao paulo now,0,0,2,1,0%,0%,72,58
cairo egypt local time,0,0,2,5,0%,0%,72.5,59.2
time difference between la and sydney australia,0,0,2,4,0%,0%,72.5,66
time in cairo egypt now,0,0,2,19,0%,0%,72.5,76.47
time in hongkong,0,0,2,1,0%,0%,72.5,42
what time in shanghai china,0,0,2,4,0%,0%,72.5,69
current time seattle usa,0,0,2,0,0%,0%,73,0
maldives now time,0,0,2,0,0%,0%,73,0
what time is it in in london,0,0,2,0,0%,0%,73,0
local time in london right now,0,0,2,4,0%,0%,73.5,55.5
local time in paris france,0,0,2,1,0%,0%,73.5,66
time at singapore now,0,0,2,0,0%,0%,73.5,0
timezone moscow,0,0,2,9,0%,0%,73.5,68.67
what is time in cairo now,0,0,2,0,0%,0%,73.5,0
marrakech morocco time,0,0,2,14,0%,0%,74,62.29
qatar time zone utc,0,0,2,2,0%,0%,74,74
time in barbados now,0,0,2,1,0%,0%,74,96
current time in mumbai,0,0,2,6,0%,0%,74.5,76.83
time in copenhagen denmark right now,0,0,2,0,0%,0%,74.5,0
time in sydney and london,0,0,2,2,0%,0%,74.5,31
time of singapore now,0,0,2,0,0%,0%,74.5,0
montenegro time zone,0,0,2,3,0%,0%,75,53.67
time paris,0,0,2,7,0%,0%,75,64.71
what is time in seattle,0,0,2,2,0%,0%,75,38.5
yemen time,0,0,2,8,0%,0%,75,72.38
time in istanbul turkey,0,0,2,9,0%,0%,75.5,80.33
london united kingdom time now,0,0,2,6,0%,0%,76,61.5
tanzania time zone,0,0,2,4,0%,0%,76,75.75
time in berlin germany now,0,0,2,2,0%,0%,76,66
time in london right now,0,0,2,14,0%,0%,76,77
time in london sydney,0,0,2,0,0%,0%,76,0
what time is it in fiji,0,0,2,0,0%,0%,76,0
new york vs london time,0,0,2,0,0%,0%,76.5,0
time tbilisi,0,0,2,2,0%,0%,76.5,64
what time fiji,0,0,2,0,0%,0%,76.5,0
9am sydney time in london,0,0,2,1,0%,0%,77,77
local cairo time,0,0,2,2,0%,0%,77,52
new york london time difference,0,0,2,3,0%,0%,77,44.67
what time is it in istanbul,0,0,2,16,0%,0%,77.5,66.31
current time istanbul turkey,0,0,2,0,0%,0%,78,0
tbilisi time right now,0,0,2,1,0%,0%,78,27
time in hong kong now,0,0,2,9,0%,0%,78,61.78
time in the hong kong,0,0,2,3,0%,0%,78,58
what is the current time london,0,0,2,3,0%,0%,78,73.67
sao paolo time now,0,0,2,0,0%,0%,78.5,0
time in cyprus europe,0,0,2,0,0%,0%,78.5,0
time now japan tokyo,0,0,2,2,0%,0%,78.5,64
uk time to singapore time,0,0,2,14,0%,0%,78.5,67.57
time malta,0,0,2,2,0%,0%,79,61
today time london,0,0,2,4,0%,0%,79,73.25
what time is it in fiji right now,0,0,2,0,0%,0%,79,0
5pm sydney time in london,0,0,2,1,0%,0%,79.5,62
8pm in london is what time in new york,0,0,2,0,0%,0%,79.5,0
india local time zone,0,0,2,0,0%,0%,79.5,0
kiribati time zones,0,0,2,0,0%,0%,79.5,0
uk to sg time,0,0,2,1,0%,0%,79.5,74
what is the time in china shanghai now,0,0,2,0,0%,0%,79.5,0
what is the time in syria am or pm,0,0,2,0,0%,0%,79.5,0
what is time in shanghai now,0,0,2,4,0%,0%,79.5,93.75
what is time is it in london,0,0,2,1,0%,0%,79.5,64
time difference between london uk and sydney australia,0,0,2,3,0%,0%,80,64
time in sydney now am or pm,0,0,2,1,0%,0%,80,89
what is the current time in london now,0,0,2,8,0%,0%,80,59.25
what time in eritrea,0,0,2,7,0%,0%,80,83.14
what time is it cameroon,0,0,2,0,0%,0%,80,0
local time in hong kong,0,0,2,2,0%,0%,80.5,54.5
now tokyo time,0,0,2,8,0%,0%,80.5,82.25
time in albania,0,0,2,19,0%,0%,80.5,74.84
tome in singapore,0,0,2,0,0%,0%,80.5,0
what time is now in cairo,0,0,2,0,0%,0%,80.5,0
1pm new york time in london,0,0,2,2,0%,0%,81,87.5
england time to singapore time,0,0,2,0,0%,0%,81,0
time in paris france currently,0,0,2,0,0%,0%,81,0
what is local time in hong kong,0,0,2,2,0%,0%,81,57.5
what time is it in singapore singapore,0,0,2,1,0%,0%,81,88
what time it in paris,0,0,2,6,0%,0%,81,73.5
boston to guangzhou flight time,0,0,2,0,0%,0%,81.5,0
laos time,0,0,2,8,0%,0%,81.5,68.5
what time is it in denmark copenhagen,0,0,2,1,0%,0%,81.5,29
current time in tokyo japan,0,0,2,15,0%,0%,82,76.53
india time zone utc,0,0,2,0,0%,0%,82,0
japan tokyo current time,0,0,2,10,0%,0%,82.5,73.8
time difference in isle of man,0,0,2,2,0%,0%,82.5,74.5
time in libya,0,0,2,5,0%,0%,82.5,78.8
what time in hong kong now,0,0,2,3,0%,0%,82.5,50
"what time is it in south korea, seoul",0,0,2,3,0%,0%,82.5,61
flight from los angeles to new york time,0,0,2,0,0%,0%,83,0
uk to singapore time,0,0,2,4,0%,0%,83.5,66.5
current time at tokyo,0,0,2,9,0%,0%,84,70.78
moldova time zone,0,0,2,8,0%,0%,84,60.5
what time zone are flights shown in,0,0,2,0,0%,0%,84,0
local time in tokyo,0,0,2,5,0%,0%,85,69.8
seatle time,0,0,2,0,0%,0%,85,0
tokyo local time,0,0,2,11,0%,0%,85,78.55
8am uk time in sydney,0,0,2,5,0%,0%,85.5,74.4
4pm sydney time in london,0,0,2,6,0%,0%,86,81
time at seoul now,0,0,2,1,0%,0%,86.5,76
what is time in seoul,0,0,2,6,0%,0%,86.5,65.17
9am london time in sydney,0,0,2,5,0%,0%,87,86.8
what time is it in london,0,0,2,1,0%,0%,87,68
9am uk time in sydney,0,0,2,0,0%,0%,87.5,0
nyc london time difference,0,0,2,4,0%,0%,87.5,64.75
present time in seattle,0,0,2,0,0%,0%,87.5,0
current time of hong kong,0,0,2,1,0%,0%,88,65
time zone in liberia,0,0,2,0,0%,0%,88,0
what time is it in tokyo japan,0,0,2,9,0%,0%,88,68.89
current time quito ecuador,0,0,2,3,0%,0%,88.5,60
time in congo,0,0,2,3,0%,0%,88.5,52.67
what is russian time,0,0,2,0,0%,0%,88.5,0
what time do you want to meet,0,0,2,0,0%,0%,88.5,0
today time in london,0,0,2,4,0%,0%,89,61.5
what is the time in sydney australia right now,0,0,2,1,0%,0%,89,77
time difference between south africa and paris,0,0,2,0,0%,0%,89.5,0
time+in+tokyo,0,0,2,0,0%,0%,89.5,0
togo africa time,0,0,2,4,0%,0%,89.5,65.75
what is the time in sydney right now,0,0,2,2,0%,0%,89.5,57.5
paris time now today,0,0,2,0,0%,0%,90,0
time in shanghai now,0,0,2,10,0%,0%,90,64.6
utc time zone,0,0,2,3,0%,0%,90,74.67
whats the time in seattle now,0,0,2,0,0%,0%,90.5,0
qatar time,0,0,2,3,0%,0%,91,88.67
time of sydney now,0,0,2,0,0%,0%,91,0
what is time now in tokyo,0,0,2,4,0%,0%,91,88.5
now time in hong kong,0,0,2,3,0%,0%,91.5,61
tanzania timing,0,0,2,1,0%,0%,91.5,78
time in hong konh,0,0,2,0,0%,0%,91.5,0
what time is it in japan tokyo,0,0,2,15,0%,0%,92,75.33
what time is it in seoul south korea now,0,0,2,2,0%,0%,92,81.5
what time is it now sydney,0,0,2,0,0%,0%,92.5,0
guyana time zone utc,0,0,2,0,0%,0%,93,0
time in germany now berlin,0,0,2,1,0%,0%,93,34
what time in singapore now,0,0,2,1,0%,0%,93,60
time is seattle now,0,0,2,0,0%,0%,93.5,0
times berlin,0,0,2,0,0%,0%,93.5,0
what time is it london now,0,0,2,0,0%,0%,93.5,0
time in paris right now,0,0,2,12,0%,0%,94,84.5
what is time sydney,0,0,2,1,0%,0%,94.5,81
10am london time in sydney,0,0,2,1,0%,0%,95,94
japan tokyo local time,0,0,2,0,0%,0%,95.5,0
singapore to london flight time,0,0,2,0,0%,0%,96.5,0
current time in world map,0,0,2,5,0%,0%,97.5,78
flight time from tokyo to paris,0,0,2,1,0%,0%,99,80
what time in nyc,0,0,1,0,0%,0%,4,0
costa rica time zone utc-6 year round,0,0,1,1,0%,0%,7,9
los angeles cairo time difference,0,0,1,0,0%,0%,7,0
ora doha roma,0,0,1,0,0%,0%,7,0
look germany us la ubertimes,0,0,1,0,0%,0%,8,0
miami current time,0,0,1,0,0%,0%,8,0
mumbai to thailand time,0,0,1,0,0%,0%,8,0
what time today,0,0,1,1,0%,0%,8,11
dublin time to dubai time,0,0,1,0,0%,0%,9,0
is doha and riyadh same time zone,0,0,1,4,0%,0%,9,10.5
time difference between lagos nigeria and london uk,0,0,1,0,0%,0%,9,0
time difference between lagos nigeria and seoul south korea,0,0,1,3,0%,0%,9,7
what time do,0,0,1,0,0%,0%,9,0
what time is it in myrtle beach right now,0,0,1,2,0%,0%,9,14.5
what time is it in pimpri-chinchwad,0,0,1,3,0%,0%,9,9
9 doha time,0,0,1,0,0%,0%,10,0
barcelona to singapore time,0,0,1,0,0%,0%,10,0
cairo real time,0,0,1,0,0%,0%,10,0
current time difference between new york and nairobi,0,0,1,0,0%,0%,10,0
current time zone doha qatar,0,0,1,0,0%,0%,10,0
doha dubai time difference,0,0,1,0,0%,0%,10,0
doha to mumbai time difference,0,0,1,0,0%,0%,10,0
doha to sg time,0,0,1,0,0%,0%,10,0
hong kong to guangzhou time,0,0,1,1,0%,0%,10,10
london zurich time difference,0,0,1,0,0%,0%,10,0
qatar to manila time,0,0,1,0,0%,0%,10,0
time difference between lagos nigeria and australia,0,0,1,0,0%,0%,10,0
what time is it in bangkok right now,0,0,1,2,0%,0%,10,59
21:00 doha time,0,0,1,0,0%,0%,11,0
augsburg time now,0,0,1,1,0%,0%,11,11
bangkok time zone ict utc+7 no dst,0,0,1,0,0%,0%,11,0
beijing time to amsterdam,0,0,1,0,0%,0%,11,0
beijing to new york time,0,0,1,0,0%,0%,11,0
doha melbourne time difference,0,0,1,0,0%,0%,11,0
doha time to cairo time,0,0,1,3,0%,0%,11,13.33
guangzhou time difference singapore,0,0,1,3,0%,0%,11,11.67
guernsey time now,0,0,1,1,0%,0%,11,49
how far ahead is dubai from ireland,0,0,1,3,0%,0%,11,10
is doha same time zone as riyadh,0,0,1,3,0%,0%,11,10
la toronto time difference,0,0,1,0,0%,0%,11,0
london to doha time,0,0,1,0,0%,0%,11,0
midnight la time in uk,0,0,1,0,0%,0%,11,0
nairobi dubai time difference,0,0,1,0,0%,0%,11,0
nairobi time difference,0,0,1,0,0%,0%,11,0
paris time to dublin time,0,0,1,0,0%,0%,11,0
shanghai time to amsterdam,0,0,1,3,0%,0%,11,11
sydney australia current time,0,0,1,0,0%,0%,11,0
sydney to dublin time,0,0,1,0,0%,0%,11,0
time difference between dublin and rome,0,0,1,5,0%,0%,11,18.4
time difference johannesburg nairobi mumbai,0,0,1,0,0%,0%,11,0
सध्याचा वेळ,0,0,1,0,0%,0%,11,0
ayodhya me current time network condition,0,0,1,0,0%,0%,12,0
barcelona to melbourne time,0,0,1,2,0%,0%,12,11
dublin and dubai time difference,0,0,1,0,0%,0%,12,0
how many hours ahead is bangkok,0,0,1,0,0%,0%,12,0
how many hours ahead is doha,0,0,1,1,0%,0%,12,11
london and doha time difference,0,0,1,3,0%,0%,12,26
los angeles time to cairo time,0,0,1,2,0%,0%,12,15.5
shenzhen and singapore time difference,0,0,1,0,0%,0%,12,0
singapore time now,0,0,1,0,0%,0%,12,0
sydney to barcelona time,0,0,1,2,0%,0%,12,11
tijdsverschil shanghai amsterdam,0,0,1,1,0%,0%,12,12
time difference amsterdam beijing,0,0,1,0,0%,0%,12,0
time difference between doha and kuala lumpur,0,0,1,4,0%,0%,12,13
time difference between dubai and dublin,0,0,1,0,0%,0%,12,0
time difference between dubai and seychelles,0,0,1,0,0%,0%,12,0
time difference between lagos and doha,0,0,1,2,0%,0%,12,11
time difference between london and seattle daylight saving,0,0,1,0,0%,0%,12,0
time difference between melbourne and lisbon,0,0,1,2,0%,0%,12,11.5
time difference between paris and dublin,0,0,1,0,0%,0%,12,0
time difference dublin and dubai,0,0,1,0,0%,0%,12,0
time difference dublin dubai,0,0,1,0,0%,0%,12,0
time in singapore vs london,0,0,1,2,0%,0%,12,37
ttd time now,0,0,1,0,0%,0%,12,0
vancouver time to china time,0,0,1,0,0%,0%,12,0
vienna sydney time difference,0,0,1,1,0%,0%,12,11
vienna to sydney time,0,0,1,5,0%,0%,12,9.4
what time is it in seattle right now?,0,0,1,0,0%,0%,12,0
what time is it in togo africa right now,0,0,1,0,0%,0%,12,0
what time.is it in ny,0,0,1,0,0%,0%,12,0
what timezone is copenhagen,0,0,1,0,0%,0%,12,0
current time in delhi versus san francisco,0,0,1,0,0%,0%,13,0
current time tonga 2026,0,0,1,0,0%,0%,13,0
qatar and abu dhabi time difference,0,0,1,0,0%,0%,13,0
san francisco time to dublin,0,0,1,1,0%,0%,13,11
time.in singapore,0,0,1,0,0%,0%,13,0
singapore office time,0,1,0,4,0%,25%,0,20.75
slovenia utc,0,1,0,1,0%,100%,0,24
istanbul time zone utc offset,0,0,1,232,0%,0%,20,23.79
hong kong san francisco time difference 7:20 pm,0,0,0,221,0%,0%,0,19.33
brazil current time 2026,0,0,0,130,0%,0%,0,25.38
time difference hong kong san francisco 7:20 pm,0,0,0,118,0%,0%,0,21.31
best time to visit san francisco,0,0,0,50,0%,0%,0,76.74
istanbul time,0,0,1,46,0%,0%,35,71.07
amsterdam time zone,0,0,0,44,0%,0%,0,67.75
doha manila time difference meeting time,0,0,0,40,0%,0%,0,15.12
time in san francisco when it is twelve noon in new york,0,0,0,37,0%,0%,0,18.3
time difference between doha and manila,0,0,0,33,0%,0%,0,15.76
"""otaru canal"" coordinates",0,0,0,31,0%,0%,0,10.45
paris time zone,0,0,0,31,0%,0%,0,65.55
time in toronto,0,0,0,30,0%,0%,0,66.53
dubai time zone,0,0,0,28,0%,0%,0,65.5
flight buenos aires to barcelona time zone change,0,0,0,27,0%,0%,0,6.81
time in cornwall uk,0,0,0,27,0%,0%,0,10.26
what time is it in lucerne switzerland,0,0,0,27,0%,0%,0,58.48
time in salt lake city,0,0,0,27,0%,0%,0,64.93
midnight in bangkok what time is it in buenos aires,0,0,0,25,0%,0%,0,18.88
tallinn time,0,0,0,24,0%,0%,0,39.92
salt lake city time,0,0,0,23,0%,0%,0,65.3
what is the time in cuba,0,0,0,23,0%,0%,0,74
australia to nigeria time,0,0,0,22,0%,0%,0,21.41
time in shanghai china,0,0,0,22,0%,0%,0,62.45
sydney australia time difference nigeria,0,0,0,21,0%,0%,0,14.52
san francisco nigeria time difference hours,0,0,0,21,0%,0%,0,16.81
time in sofia,0,0,1,21,0%,0%,59,57.19
monaco time zone,0,0,0,21,0%,0%,0,62.52
time in honduras,0,0,0,21,0%,0%,0,69.48
kanyakumari time now,0,0,0,20,0%,0%,0,10.95
time zone difference philippines chicago,0,0,0,20,0%,0%,0,15.35
midnight in bangkok what time in buenos aires,0,0,0,20,0%,0%,0,19.65
bishkek time,0,0,1,20,0%,0%,78,48.35
istanbul local time,0,0,0,20,0%,0%,0,71.6
tokyo now time,0,0,0,20,0%,0%,0,80.95
what is the time in cairo egypt,0,0,0,20,0%,0%,0,81.25
current time in são paulo,0,0,0,19,0%,0%,0,26.32
time in tallinn,0,0,0,19,0%,0%,0,44.11
austria time zone,0,0,0,19,0%,0%,0,50.58
present time in moscow,0,0,0,19,0%,0%,0,56.74
time in cuba,0,0,0,19,0%,0%,0,56.74
time wellington,0,0,0,19,0%,0%,0,70.21
local time tokyo,0,0,1,19,0%,0%,73,78.58
time difference between dubai and kenya,0,0,0,18,0%,0%,0,22.56
time istanbul turkey,0,0,1,18,0%,0%,79,57.33
what time is it in turkey istanbul,0,0,1,18,0%,0%,57,60.11
what time is it in gran canaria,0,0,0,18,0%,0%,0,66.06
24 hours in amsterdam,0,0,0,18,0%,0%,0,85.39
current time brazil nigeria time difference,0,0,0,17,0%,0%,0,17.18
6 am new york time to kenya time conversion,0,0,0,17,0%,0%,0,25.94
time in australia and nigeria,0,0,0,17,0%,0%,0,27.82
what time zone is norway,0,0,0,17,0%,0%,0,44.88
what is the time now in egypt cairo,0,0,1,17,0%,0%,28,49.82
time zone amsterdam,0,0,0,17,0%,0%,0,66.71
seoul time zone,0,0,0,17,0%,0%,0,71.41
time in wellington new zealand,0,0,0,17,0%,0%,0,77.18
what is time of london,0,0,1,17,0%,0%,91,78.88
time difference between singapore and paris,0,0,0,16,0%,0%,0,38.06
time difference between singapore and london,0,0,0,16,0%,0%,0,39.38
albania time zone,0,0,1,16,0%,0%,58,65.44
what time is it in london right now,0,0,1,16,0%,0%,81,68.31
time in istanbul turkey now,0,0,0,16,0%,0%,0,69.19
time cairo egypt,0,0,1,16,0%,0%,78,71.38
chicago time zone,0,0,0,16,0%,0%,0,73.81
time in tokyo now,0,0,1,16,0%,0%,83,79.19
sri lanka time zone,0,0,0,16,0%,0%,0,81.19
dubai city time,0,0,0,16,0%,0%,0,83.56
nigeria time and dallas texas time,0,0,0,15,0%,0%,0,12.93
"ideal meeting times between sydney, capetown and los angeles",0,0,0,15,0%,0%,0,17.27
sao paulo local time,0,0,1,15,0%,0%,41,46.6
time in tunisia,0,0,1,15,0%,0%,72,48.87
shanghai time right now,0,0,1,15,0%,0%,34,57.93
what time is it in cairo,0,0,0,15,0%,0%,0,60.33
vienna time zone,0,0,0,15,0%,0%,0,62.2
what time is it in istanbul turkey,0,0,0,15,0%,0%,0,65.8
in time hong kong,0,0,1,15,0%,0%,82,85.67
open hours,0,0,0,15,0%,0%,0,93
nigeria saudi arabia time difference riyadh lagos,0,0,0,14,0%,0%,0,13.57
toronto and nigeria time zone difference in hours,0,0,0,14,0%,0%,0,18.79
time in estonia tallinn,0,0,0,14,0%,0%,0,46.86
time in gran canaria,0,0,0,14,0%,0%,0,58.36
what time is it in moscow russia,0,0,0,14,0%,0%,0,62
current time in cairo egypt,0,0,0,14,0%,0%,0,62.57
time zone in sri lanka,0,0,0,14,0%,0%,0,62.57
tehran time,0,0,0,14,0%,0%,0,68.36
time is it in shanghai,0,0,1,14,0%,0%,30,78
best time to visit shanghai,0,0,0,14,0%,0%,0,86.36
brazil time zones current time,0,0,0,13,0%,0%,0,27.15
bahamas time zone,0,0,0,13,0%,0%,0,49.62
time china shanghai,0,0,1,13,0%,0%,72,55.54
time now in istanbul,0,0,1,13,0%,0%,69,59.23
time in yemen,0,0,1,13,0%,0%,55,67.23
time at russia now,0,0,0,13,0%,0%,0,68.38
time in new zealand wellington,0,0,0,13,0%,0%,0,72.15
time in moldova,0,0,0,13,0%,0%,0,72.85
time in japan tokyo now,0,0,0,13,0%,0%,0,76.15
best time to go to san francisco,0,0,0,13,0%,0%,0,77
current time in major cities of brazil,0,0,0,12,0%,0%,0,7.17
iana time zone for grenoble,0,0,0,12,0%,0%,0,11.25
canada city calgary hours,0,0,0,12,0%,0%,0,18.67
11am amsterdam time in seattle,0,0,0,12,0%,0%,0,22.75
beijing nigeria time difference,0,0,1,12,0%,0%,25,25.33
shanghai current time,0,0,1,12,0%,0%,19,35.17
sao paulo brazil time,0,0,1,12,0%,0%,52,50.67
cairo time zone,0,0,0,12,0%,0%,0,50.92
el salvador time zone,0,0,0,12,0%,0%,0,54.17
what time is it in russia now,0,0,0,12,0%,0%,0,59
time zone cyprus,0,0,1,12,0%,0%,70,59.08
current time istanbul,0,0,1,12,0%,0%,48,60.33
time marrakech,0,0,1,12,0%,0%,87,62.42
what time is in tokyo,0,0,1,12,0%,0%,97,65.83
present time in london,0,0,0,12,0%,0%,0,68.75
amsterdam timezone,0,0,0,12,0%,0%,0,69.75
time in wellington,0,0,0,12,0%,0%,0,72.25
tokyo current time,0,0,1,12,0%,0%,100,74.5
kiribati time zone,0,0,0,12,0%,0%,0,79.42
bangkok time zone utc offset,0,0,0,11,0%,0%,0,4.91
dallas time when it's kenya time,0,0,0,11,0%,0%,0,13.82
nigeria time zone wat utc+1 current time,0,0,0,11,0%,0%,0,17.55
dubai time difference,0,0,1,11,0%,0%,39,27.18
télétravail séoul,0,0,0,11,0%,0%,0,42.45
24 hours independent in barcelona,0,0,0,11,0%,0%,0,45.18
time turkey istanbul,0,0,0,11,0%,0%,0,52.91
current time in bangkok,0,0,0,11,0%,0%,0,53.36
local time moscow,0,0,1,11,0%,0%,69,53.36
present time in bangkok,0,0,1,11,0%,0%,100,54.09
istanbul current time,0,0,1,11,0%,0%,42,54.64
sofia time,0,0,1,11,0%,0%,36,54.64
wellington time now,0,0,0,11,0%,0%,0,54.73
lebanon time zone,0,0,1,11,0%,0%,45,55.64
reykjavik time,0,0,1,11,0%,0%,46,58.55
norway timezone,0,0,1,11,0%,0%,64,59.45
actual time in istanbul,0,0,0,11,0%,0%,0,60
morocco marrakech time,0,0,1,11,0%,0%,65,61.36
current time in wellington,0,0,0,11,0%,0%,0,65.27
local time at paris,0,0,1,11,0%,0%,56,67.73
time in togo,0,0,0,11,0%,0%,0,68.45
time zone sri lanka,0,0,0,11,0%,0%,0,71.09
cameroon time now,0,0,1,11,0%,0%,97,73.82
time in sydney now,0,0,0,11,0%,0%,0,74.82
tanzania time,0,0,1,11,0%,0%,65,79.09
time for tokyo,0,0,1,11,0%,0%,84,80.73
tokyo japan current time,0,0,0,11,0%,0%,0,82.91
time in hampi,0,0,0,10,0%,0%,0,10
time difference australia from san francisco,0,0,0,10,0%,0%,0,20.2
time difference doha and london,0,0,0,10,0%,0%,0,30.2
time in las palmas,0,0,0,10,0%,0%,0,42.7
time in tijuana,0,0,0,10,0%,0%,0,50.1
time in lake como italy,0,0,0,10,0%,0%,0,50.8
whats the time in istanbul,0,0,1,10,0%,0%,82,55.8
cairo egypt time zone,0,0,0,10,0%,0%,0,57.5
time tunisia,0,0,0,10,0%,0%,0,61.8
current time shanghai china,0,0,1,10,0%,0%,61,65
time difference london and sydney australia,0,0,0,10,0%,0%,0,65.1
time now shanghai,0,0,1,10,0%,0%,28,65.1
time is istanbul,0,0,1,10,0%,0%,69,66
time zone puerto rico,0,0,0,10,0%,0%,0,68.7
what time in moscow russia,0,0,0,10,0%,0%,0,69.9
togo time,0,0,1,10,0%,0%,67,72.8
cape verde time zone,0,0,1,10,0%,0%,86,73.7
time now in shanghai,0,0,0,10,0%,0%,0,75
time in paris now,0,0,0,10,0%,0%,0,77.7
what is ghana time zone,0,0,0,10,0%,0%,0,81
time in tokyo japan,0,0,0,10,0%,0%,0,83.8
time in madagascar,0,0,1,10,0%,0%,80,84.3
burkina faso time,0,0,1,10,0%,0%,68,86
lonavala time,0,0,0,9,0%,0%,0,7.44
sydney time difference nigeria,0,0,0,9,0%,0%,0,14.33
time in brazil is it morning afternoon or evening,0,0,0,9,0%,0%,0,25.67
afternoon in sydney to australia time to nigeria time by tomorrow,0,0,0,9,0%,0%,0,27
time difference between london and singapore,0,0,0,9,0%,0%,0,39.33
marrakech time zone,0,0,0,9,0%,0%,0,42.44
current time shanghai,0,0,0,9,0%,0%,0,42.78
time in sydney australia vs london,0,0,1,9,0%,0%,31,46.11
what is the time in turkey istanbul,0,0,1,9,0%,0%,73,48.33
what time is it in sao paulo,0,0,0,9,0%,0%,0,48.78
current time in bratislava,0,0,0,9,0%,0%,0,50.22
time difference london sydney,0,0,0,9,0%,0%,0,51.11
time in lucerne switzerland right now,0,0,0,9,0%,0%,0,52.11
what time is in paris,0,0,0,9,0%,0%,0,52.11
what time zone is puerto rico,0,0,0,9,0%,0%,0,53.22
time san jose costa rica,0,0,1,9,0%,0%,69,53.89
time zone for puerto rico,0,0,0,9,0%,0%,0,56.33
time in sao paulo right now,0,0,0,9,0%,0%,0,59.11
montenegro time,0,0,0,9,0%,0%,0,59.89
what time in shanghai,0,0,1,9,0%,0%,20,60.89
wellington new zealand time now,0,0,0,9,0%,0%,0,61.44
time zone paris,0,0,0,9,0%,0%,0,64.44
samoa time,0,0,0,9,0%,0%,0,64.67
tallinn time now,0,0,0,9,0%,0%,0,64.78
time shanghai now,0,0,1,9,0%,0%,73,66.89
time zone dubai,0,0,0,9,0%,0%,0,67.56
local time paris,0,0,1,9,0%,0%,77,68.78
4pm london time to singapore,0,0,1,9,0%,0%,58,69.89
timezone paris,0,0,0,9,0%,0%,0,71
toronto time zone,0,0,0,9,0%,0%,0,73.89
now time london,0,0,0,9,0%,0%,0,74.22
current time of tokyo,0,0,1,9,0%,0%,81,76.89
new york time zone,0,0,0,9,0%,0%,0,77.78
time in tokyo japan now,0,0,0,9,0%,0%,0,80
puerto rico time zone,0,0,0,9,0%,0%,0,83.33
flight time los angeles to hong kong,0,0,0,9,0%,0%,0,83.89
best time to visit toronto,0,0,0,9,0%,0%,0,84
best time to visit dublin,0,0,1,9,0%,0%,99,93.33
today sunrise time in lambasingi,0,0,0,8,0%,0%,0,7.88
time in cinque terre,0,0,0,8,0%,0%,0,9.12
sunrise time in horsley hills,0,0,0,8,0%,0%,0,9.5
doha mumbai time difference,0,0,0,8,0%,0%,0,14
sydney nigeria time difference,0,0,0,8,0%,0%,0,15
current time in nigeria vs brazil,0,0,0,8,0%,0%,0,17
doha manila time difference,0,0,0,8,0%,0%,0,17.75
dubai nairobi time difference,0,0,0,8,0%,0%,0,19.62
toronto canada nigeria time difference,0,0,0,8,0%,0%,0,21.12
singapore time difference san francisco 11pm to 7am,0,0,0,8,0%,0%,0,25.5
time difference between toronto and los angeles,0,0,1,8,0%,0%,17,25.62
time quito ecuador,0,0,0,8,0%,0%,0,36.5
time zone cairo,0,0,0,8,0%,0%,0,36.75
what's the time in russia,0,0,0,8,0%,0%,0,37.38
ecuador quito time,0,0,0,8,0%,0%,0,39.62
current time cairo,0,0,1,8,0%,0%,96,40
time difference tokyo new york,0,0,0,8,0%,0%,0,40.38
time in marbella,0,0,0,8,0%,0%,0,41.75
time zone of lebanon,0,0,0,8,0%,0%,0,43.38
tallinn estonia time,0,0,0,8,0%,0%,0,46
how many hours is paris ahead of california,0,0,0,8,0%,0%,0,46.62
what is the time in sao paulo brazil,0,0,0,8,0%,0%,0,46.88
time difference uk and new york,0,0,0,8,0%,0%,0,47.25
time in shanghai china right now,0,0,0,8,0%,0%,0,47.5
current time in sao paulo,0,0,1,8,0%,0%,50,49.88
current time in france paris,0,0,0,8,0%,0%,0,50.75
salt lake city time now,0,0,0,8,0%,0%,0,55.38
london to sydney time zone,0,0,0,8,0%,0%,0,56.75
what is the time now in istanbul,0,0,0,8,0%,0%,0,59
time in wellington new zealand now,0,0,0,8,0%,0%,0,59.38
time now in cairo,0,0,1,8,0%,0%,87,62.38
current time in wellington new zealand,0,0,0,8,0%,0%,0,63.62
time cairo,0,0,0,8,0%,0%,0,64
current time at cairo,0,0,0,8,0%,0%,0,65.88
what is the time in the london,0,0,0,8,0%,0%,0,66.25
china shanghai local time,0,0,1,8,0%,0%,74,66.38
time at estonia,0,0,0,8,0%,0%,0,66.62
what is the time in japan tokyo right now,0,0,0,8,0%,0%,0,67.25
salzburg time,0,0,0,8,0%,0%,0,67.5
time in el cairo,0,0,1,8,0%,0%,77,67.5
time istanbul now,0,0,0,8,0%,0%,0,68
istanbul time right now,0,0,0,8,0%,0%,0,69.25
time now in paris,0,0,1,8,0%,0%,69,71.75
local time in new zealand wellington,0,0,0,8,0%,0%,0,72.75
time of russia now,0,0,1,8,0%,0%,60,72.88
norwegian timezone,0,0,0,8,0%,0%,0,75.25
local time sydney nsw australia,0,0,0,8,0%,0%,0,76.38
wellington nz time,0,0,0,8,0%,0%,0,79.88
what time is it in tokyo japan now,0,0,0,8,0%,0%,0,82.62
tokyo time current,0,0,0,8,0%,0%,0,85.88
europe/vienna time zone,0,0,0,8,0%,0%,0,91.75
what time is it in cinque terre italy,0,0,0,7,0%,0%,0,6
time difference seattle to auckland december,0,0,0,7,0%,0%,0,6.71
kedarnath time now,0,0,0,7,0%,0%,0,9.14
san francisco doha airport time difference,0,0,0,7,0%,0%,0,10.86
what time is it in assisi italy,0,0,0,7,0%,0%,0,11
pre mk7am of sydney mk is what time in chicago,0,0,0,7,0%,0%,0,12
current time in paris versus san francisco,0,0,0,7,0%,0%,0,12.86
la time,0,0,0,7,0%,0%,0,17.57
time difference los angeles germany,0,0,0,7,0%,0%,0,19.86
current time in parma italy,0,0,0,7,0%,0%,0,23
time difference between los angeles and hong kong,0,0,0,7,0%,0%,0,25.43
berlin timezone utc offset,0,0,0,7,0%,0%,0,25.71
"sydney, australia time and buenos aires, argentina time",0,0,0,7,0%,0%,0,25.71
new york and los angeles time difference,0,0,0,7,0%,0%,0,33.71
singapore time difference,0,0,1,7,0%,0%,33,35.86
time difference between los angeles and london,0,0,0,7,0%,0%,0,39
time in shanghai right now,0,0,0,7,0%,0%,0,40.86
local time in sao paulo brazil,0,0,1,7,0%,0%,43,41.86
singapore time to london time,0,0,0,7,0%,0%,0,42.29
london to singapore time difference,0,0,0,7,0%,0%,0,42.43
what time is it san jose costa rica,0,0,0,7,0%,0%,0,44.14
laos time zone,0,0,1,7,0%,0%,43,47
what is the time now in istanbul turkey,0,0,0,7,0%,0%,0,47
time difference between nyc and london,0,0,0,7,0%,0%,0,47.29
ny and london time difference,0,0,0,7,0%,0%,0,47.71
london time vs sydney time,0,0,0,7,0%,0%,0,48.14
time in freetown,0,0,0,7,0%,0%,0,48.29
time in sao paolo,0,0,0,7,0%,0%,0,48.43
what time is it in marrakech,0,0,1,7,0%,0%,29,49.14
new york time zone to uk,0,0,0,7,0%,0%,0,49.43
turkey istanbul time,0,0,0,7,0%,0%,0,52
turkey istanbul current time,0,0,1,7,0%,0%,63,53.43
local time sao paulo brazil,0,0,0,7,0%,0%,0,54.43
what time is it sao paulo,0,0,0,7,0%,0%,0,54.86
bkk current time,0,0,1,7,0%,0%,73,55.29
tirana time zone,0,0,0,7,0%,0%,0,55.43
time in tirana,0,0,1,7,0%,0%,54,55.57
são paulo local time,0,0,0,7,0%,0%,0,55.86
são paulo time,0,0,0,7,0%,0%,0,56
western samoa time zone,0,0,1,7,0%,0%,56,57.57
time zone in costa rica,0,0,0,7,0%,0%,0,59
gran canaria time,0,0,0,7,0%,0%,0,59.29
what time is it in some paulo brazil,0,0,1,7,0%,0%,70,60.29
honduras time zone,0,0,1,7,0%,0%,100,61.29
istanbul turkey time right now,0,0,1,7,0%,0%,83,61.29
timezone amsterdam,0,0,0,7,0%,0%,0,61.29
syria time zone,0,0,0,7,0%,0%,0,62.29
time zone in paris,0,0,0,7,0%,0%,0,63.14
time in turkey now istanbul,0,0,1,7,0%,0%,74,63.43
paris what time,0,0,0,7,0%,0%,0,64.14
salt lake time now,0,0,0,7,0%,0%,0,65.29
meeting time,0,0,1,7,0%,0%,69,65.86
estonia time now,0,0,0,7,0%,0%,0,66.71
what time is shanghai,0,0,0,7,0%,0%,0,66.71
time in tokyo right now,0,0,0,7,0%,0%,0,67
local time in istanbul,0,0,1,7,0%,0%,75,67.86
chicago timezone,0,0,0,7,0%,0%,0,68.29
time today in london,0,0,0,7,0%,0%,0,68.29
what time is it in marrakech morocco,0,0,0,7,0%,0%,0,68.43
current time in salt lake city,0,0,0,7,0%,0%,0,68.86
cairo egypt current time,0,0,1,7,0%,0%,60,69
current time in cuba,0,0,0,7,0%,0%,0,69.86
time in cairo right now,0,0,0,7,0%,0%,0,71
turkish istanbul time,0,0,0,7,0%,0%,0,71
time in shanghai china now,0,0,0,7,0%,0%,0,71.86
what is time at london,0,0,0,7,0%,0%,0,72
istanbul now time,0,0,0,7,0%,0%,0,76.86
benin republic time,0,0,1,7,0%,0%,23,78.57
what time tokyo,0,0,0,7,0%,0%,0,79
present time in tokyo japan,0,0,0,7,0%,0%,0,80.86
time in the london now,0,0,0,7,0%,0%,0,83
paris time,0,0,1,7,0%,0%,63,83.14
time in taipei,0,0,0,7,0%,0%,0,88.14
9am in new york is what time in london,0,0,0,7,0%,0%,0,89
business hours,0,0,0,6,0%,0%,0,7.83
time in hakuba japan now,0,0,0,6,0%,0%,0,10.33
best time to schedule a meeting between lagos and nairobi,0,0,0,6,0%,0%,0,10.67
shanghai true solar time difference from beijing time,0,0,0,6,0%,0%,0,10.83
brazil current time 2025 utc,0,0,0,6,0%,0%,0,15.17
singapore nigeria time difference hours,0,0,1,6,0%,0%,15,17.33
lax to london time,0,0,0,6,0%,0%,0,17.83
time difference between la and germany,0,0,0,6,0%,0%,0,22.17
current time iraq baghdad,0,0,0,6,0%,0%,0,22.33
doha time difference,0,0,0,6,0%,0%,0,26
costa rica san jose time,0,0,0,6,0%,0%,0,27.5
time in akron,0,0,0,6,0%,0%,0,29
singapore vs london time,0,0,1,6,0%,0%,29,30.33
london mumbai time difference,0,0,1,6,0%,0%,54,30.83
sao paulo brazil local time,0,0,1,6,0%,0%,52,36.67
what time in costa rica now,0,0,0,6,0%,0%,0,43
time zone uzbekistan,0,0,1,6,0%,0%,41,43.5
time difference between new york and uk,0,0,0,6,0%,0%,0,45
russia time now moscow,0,0,1,6,0%,0%,77,46
london and australia time difference,0,0,1,6,0%,0%,38,46.33
la to london time difference,0,0,0,6,0%,0%,0,47.17
russia moscow time,0,0,1,6,0%,0%,70,47.17
time zone in reykjavik,0,0,0,6,0%,0%,0,48
las palmas time,0,0,0,6,0%,0%,0,48.67
what is time difference between london and new york,0,0,0,6,0%,0%,0,49
new york time difference london,0,0,0,6,0%,0%,0,49.5
frankfurt time zone,0,0,0,6,0%,0%,0,50
london sydney time,0,0,0,6,0%,0%,0,50.67
current time france paris,0,0,1,6,0%,0%,72,53
time in sao paulo now,0,0,1,6,0%,0%,56,53.17
singapore to uk time difference,0,0,0,6,0%,0%,0,53.83
time in freetown sierra leone,0,0,0,6,0%,0%,0,54.83
sydney time difference london,0,0,0,6,0%,0%,0,57
what time in tunisia,0,0,0,6,0%,0%,0,58.67
what is the current time in london right now,0,0,1,6,0%,0%,67,58.83
what time zone is costa rica in,0,0,1,6,0%,0%,60,58.83
what time zone is puerto rico in,0,0,1,6,0%,0%,63,59.17
wellington time,0,0,0,6,0%,0%,0,59.33
what time is it in australia sydney australia,0,0,0,6,0%,0%,0,59.5
what time russia,0,0,1,6,0%,0%,35,60.17
moscow city time,0,0,1,6,0%,0%,47,61.17
time in norwich uk,0,0,0,6,0%,0%,0,61.17
salt lake time,0,0,0,6,0%,0%,0,61.83
what is the current time in moscow,0,0,0,6,0%,0%,0,62
norwich uk time,0,0,0,6,0%,0%,0,62.67
what time in russia now,0,0,1,6,0%,0%,85,62.67
new york to dubai time,0,0,0,6,0%,0%,0,62.83
what is the time in shanghai now,0,0,0,6,0%,0%,0,63.17
kosovo time,0,0,1,6,0%,0%,56,63.33
tijuana time,0,0,0,6,0%,0%,0,63.33
present time in dubai uae,0,0,0,6,0%,0%,0,63.5
what time in istanbul right now,0,0,0,6,0%,0%,0,64
what time zone is chicago in,0,0,0,6,0%,0%,0,64.5
what is the present time in london,0,0,1,6,0%,0%,84,64.83
what time is it in cairo egypt,0,0,0,6,0%,0%,0,64.83
best time to visit moscow,0,0,0,6,0%,0%,0,65
marshall islands time zone,0,0,0,6,0%,0%,0,65.5
guinea time,0,0,1,6,0%,0%,72,66.33
honduras time right now,0,0,0,6,0%,0%,0,66.33
paris current time,0,0,1,6,0%,0%,57,66.83
time zone in chicago,0,0,0,6,0%,0%,0,67
present time in cairo,0,0,0,6,0%,0%,0,67.5
chicago is in what time zone,0,0,0,6,0%,0%,0,67.83
istanbul timing,0,0,0,6,0%,0%,0,68.17
dubai vs new york time,0,0,1,6,0%,0%,33,68.33
what time is it in tokyo right now,0,0,1,6,0%,0%,71,68.33
austria country time,0,0,0,6,0%,0%,0,69.5
local time wellington new zealand,0,0,0,6,0%,0%,0,70
now time in istanbul,0,0,0,6,0%,0%,0,71.33
what is the time now in shanghai china,0,0,1,6,0%,0%,59,71.33
time in cambridge uk,0,0,0,6,0%,0%,0,72
time zone vienna,0,0,0,6,0%,0%,0,72.17
what time is it in paris right now,0,0,0,6,0%,0%,0,72.33
what time is it in salt lake city,0,0,0,6,0%,0%,0,74
what is the time in russia now,0,0,0,6,0%,0%,0,74.17
republic of congo time,0,0,0,6,0%,0%,0,74.33
nyse opening time sydney,0,0,0,6,0%,0%,0,74.5
time russia moscow,0,0,1,6,0%,0%,76,75
davao time,0,0,0,6,0%,0%,0,75.67
time zone toronto,0,0,0,6,0%,0%,0,75.67
mauritius time zone,0,0,0,6,0%,0%,0,76
current time in tokyo now,0,0,0,6,0%,0%,0,79.17
what time zone is guatemala in,0,0,0,6,0%,0%,0,79.17
amsterdam in 24 hours,0,0,0,6,0%,0%,0,81.33
tokyo present time,0,0,0,6,0%,0%,0,82.33
what is the time zone for dubai,0,0,0,6,0%,0%,0,82.5
cape verde time now,0,0,1,6,0%,0%,46,82.67
time at cameroon,0,0,1,6,0%,0%,78,83
world clock and time,0,0,0,6,0%,0%,0,83.17
now time in bangkok,0,0,0,6,0%,0%,0,83.33
time in nz wellington,0,0,0,6,0%,0%,0,83.33
now time in tokyo,0,0,0,6,0%,0%,0,84.67
8am london time in sydney,0,0,0,6,0%,0%,0,86.83
whats the time in paris now,0,0,0,6,0%,0%,0,89.17
nasdaq opening time sydney,0,0,0,6,0%,0%,0,90.5
الوقت الآن في طرابلس ليبيا,0,0,0,5,0%,0%,0,2.6
current time in brazil timezone,0,0,0,5,0%,0%,0,4
brazil current time utc-3,0,0,0,5,0%,0%,0,4.8
regular business hours,0,0,0,5,0%,0%,0,9
brazil current time morning or evening,0,0,0,5,0%,0%,0,10
time difference between shanghai local time and beijing time,0,0,0,5,0%,0%,0,10.4
delhi to doha time difference,0,0,0,5,0%,0%,0,13
hempi rime,0,0,0,5,0%,0%,0,16.2
mexico city lagos time difference,0,0,0,5,0%,0%,0,16.8
nigeria beijing time difference,0,0,1,5,0%,0%,19,19
time in oklahoma right now,0,0,0,5,0%,0%,0,19
"time zone difference between seattle and rome, georgia",0,0,0,5,0%,0%,0,19.6
toronto canada time difference nigeria,0,0,0,5,0%,0%,0,19.6
time in bridgetown barbados,0,0,0,5,0%,0%,0,19.8
toronto nigeria time difference hours,0,0,0,5,0%,0%,0,20.2
auckland sydney time difference,0,0,0,5,0%,0%,0,22.8
sydney time compared to san francisco,0,0,0,5,0%,0%,0,25.6
time difference between singapore and los angeles,0,0,0,5,0%,0%,0,26.2
australia time to nigeria,0,0,0,5,0%,0%,0,26.6
hong kong new york time difference,0,0,0,5,0%,0%,0,26.8
what is the time now in bangkok,0,0,0,5,0%,0%,0,27.6
now morning or night in yemen,0,0,0,5,0%,0%,0,30
los angeles time difference,0,0,1,5,0%,0%,32,31.2
time in oklahoma,0,0,0,5,0%,0%,0,33.2
qatar and dubai time difference,0,0,0,5,0%,0%,0,33.6
los angeles tokyo time difference,0,0,0,5,0%,0%,0,34
time to singapore,0,0,0,5,0%,0%,0,35
dubai and new york time difference,0,0,0,5,0%,0%,0,35.2
time in namibia windhoek,0,0,0,5,0%,0%,0,35.2
london and singapore time difference,0,0,1,5,0%,0%,29,35.6
tunis time,0,0,1,5,0%,0%,49,35.8
singapore london time difference,0,0,0,5,0%,0%,0,36
las palmas spain time,0,0,0,5,0%,0%,0,36.6
singapore to paris time,0,0,1,5,0%,0%,45,37
time difference london and mumbai,0,0,0,5,0%,0%,0,37
time difference ny to london,0,0,0,5,0%,0%,0,37.8
time difference between ny and uk,0,0,0,5,0%,0%,0,38
time to doha,0,0,0,5,0%,0%,0,39.2
time difference new york tokyo,0,0,0,5,0%,0%,0,39.4
london time vs singapore time,0,0,0,5,0%,0%,0,40
time now in sao paulo,0,0,0,5,0%,0%,0,40
time now costa rica,0,0,0,5,0%,0%,0,40.4
mumbai to london time difference,0,0,1,5,0%,0%,19,42.2
japan new york time difference,0,0,0,5,0%,0%,0,43.6
current time russia,0,0,0,5,0%,0%,0,43.8
current time thailand bangkok,0,0,0,5,0%,0%,0,44
salt lake city local time,0,0,0,5,0%,0%,0,44
la tokyo time difference,0,0,0,5,0%,0%,0,45
what is the time in sao paulo,0,0,0,5,0%,0%,0,45
what is time in sao paulo brazil,0,0,1,5,0%,0%,62,45.2
bratislava slovakia time zone,0,0,0,5,0%,0%,0,46
time germany berlin,0,0,0,5,0%,0%,0,46
what time is it in moscow right now,0,0,0,5,0%,0%,0,46
los angeles to tokyo time,0,0,0,5,0%,0%,0,46.2
time difference between uk and sydney australia,0,0,0,5,0%,0%,0,46.4
current time paris france,0,0,0,5,0%,0%,0,46.8
time in skopje,0,0,0,5,0%,0%,0,46.8
what time zone is the bahamas in,0,0,1,5,0%,0%,35,47.2
new york time to hk time,0,0,0,5,0%,0%,0,47.4
what time is it in russia right now,0,0,1,5,0%,0%,48,47.6
time zone cuba,0,0,0,5,0%,0%,0,47.8
dubai to new york time,0,0,0,5,0%,0%,0,48.2
current time in sydney right now,0,0,0,5,0%,0%,0,48.4
local time brazil sao paulo,0,0,0,5,0%,0%,0,48.4
time in cambridge england,0,0,0,5,0%,0%,0,48.4
what time is it in quito ecuador,0,0,1,5,0%,0%,85,48.6
current cairo time,0,0,0,5,0%,0%,0,49
whats the time now in russia,0,0,0,5,0%,0%,0,49.2
time difference london australia,0,0,0,5,0%,0%,0,49.4
time zone estonia,0,0,0,5,0%,0%,0,49.6
new york dubai time difference,0,0,0,5,0%,0%,0,49.8
10am new york time in london,0,0,0,5,0%,0%,0,50
salt lake city usa time,0,0,0,5,0%,0%,0,50
los angeles time to singapore time,0,0,1,5,0%,0%,30,50.2
sao paulo brazil time now,0,0,1,5,0%,0%,57,50.6
freetown sierra leone time,0,0,0,5,0%,0%,0,51
moscow current time,0,0,0,5,0%,0%,0,51
what is the time in moscow right now,0,0,0,5,0%,0%,0,51
what time zone is paris,0,0,0,5,0%,0%,0,51
russia local time,0,0,0,5,0%,0%,0,51.6
what is the time in istanbul,0,0,0,5,0%,0%,0,51.8
what time in istanbul turkey,0,0,0,5,0%,0%,0,52.2
time difference london and sydney,0,0,0,5,0%,0%,0,52.6
how many hours ahead is singapore,0,0,0,5,0%,0%,0,52.8
time in sao paulo brazil now,0,0,0,5,0%,0%,0,52.8
time now cairo,0,0,1,5,0%,0%,76,53
time zone in puerto rico,0,0,0,5,0%,0%,0,53.2
what is the time in hong kong,0,0,0,5,0%,0%,0,53.2
sydney to los angeles time difference,0,0,0,5,0%,0%,0,53.4
what time is it in istanbul turkey right now,0,0,1,5,0%,0%,58,53.4
time bangkok thailand right now,0,0,1,5,0%,0%,35,54.4
moskva time,0,0,0,5,0%,0%,0,54.8
what time in russia,0,0,1,5,0%,0%,90,55.4
current time at paris,0,0,1,5,0%,0%,71,55.6
local time cairo,0,0,0,5,0%,0%,0,55.6
utc time zone toronto,0,0,0,5,0%,0%,0,55.8
what time moscow,0,0,1,5,0%,0%,78,55.8
what is the time zone in norway,0,0,0,5,0%,0%,0,56
what time is in sao paulo brazil,0,0,0,5,0%,0%,0,56.8
what is the time in moscow,0,0,0,5,0%,0%,0,57
cairo current time,0,0,1,5,0%,0%,68,57.2
how many hours ahead is new york from california,0,0,0,5,0%,0%,0,57.2
what is the current time in london,0,0,0,5,0%,0%,0,57.2
time in jersey uk,0,0,0,5,0%,0%,0,57.4
local shanghai time,0,0,0,5,0%,0%,0,57.8
london time and new york time,0,0,0,5,0%,0%,0,57.8
salt lake city ut current time,0,0,0,5,0%,0%,0,57.8
local time at shanghai,0,0,1,5,0%,0%,81,58
paris time zone utc,0,0,0,5,0%,0%,0,58
russia time moscow,0,0,0,5,0%,0%,0,58
time at costa rica,0,0,1,5,0%,0%,67,58.2
lille france time,0,0,0,5,0%,0%,0,58.4
what time is it in quito,0,0,0,5,0%,0%,0,58.8
time in queenstown,0,0,0,5,0%,0%,0,59.4
indianapolis time now,0,0,0,5,0%,0%,0,59.6
russia what time now,0,0,1,5,0%,0%,43,59.6
sydney london time,0,0,0,5,0%,0%,0,59.8
time in turkey istanbul,0,0,0,5,0%,0%,0,60.4
drc congo time,0,0,0,5,0%,0%,0,61.2
iraq time zone,0,0,0,5,0%,0%,0,61.4
24 hours in new york,0,0,1,5,0%,0%,96,62.2
tehran time now,0,0,0,5,0%,0%,0,62.4
current time salt lake city,0,0,0,5,0%,0%,0,62.8
current time at istanbul,0,0,1,5,0%,0%,57,63
what time is it in sydney,0,0,0,5,0%,0%,0,63.2
time in tijuana mexico,0,0,0,5,0%,0%,0,64
what time is it in paris france,0,0,1,5,0%,0%,58,64.2
togo time now,0,0,1,5,0%,0%,95,64.4
time now in russia,0,0,1,5,0%,0%,34,64.6
time zone in moscow russia,0,0,1,5,0%,0%,58,64.6
what time in paris right now,0,0,1,5,0%,0%,73,64.6
tirana local time,0,0,0,5,0%,0%,0,65.6
tirana albania time zone,0,0,0,5,0%,0%,0,66
cairo time right now,0,0,1,5,0%,0%,48,66.4
singapore what time,0,0,0,5,0%,0%,0,66.4
what time now london,0,0,0,5,0%,0%,0,66.8
24 hours in toronto,0,0,0,5,0%,0%,0,67.2
congo time now,0,0,0,5,0%,0%,0,67.8
current wellington time,0,0,0,5,0%,0%,0,67.8
time difference in london and sydney,0,0,0,5,0%,0%,0,67.8
vanuatu time,0,0,0,5,0%,0%,0,68
what time is it in seoul south korea right now,0,0,0,5,0%,0%,0,68
what time zone is chicago,0,0,0,5,0%,0%,0,68.4
tehran time zone,0,0,0,5,0%,0%,0,68.6
local time paris france,0,0,0,5,0%,0%,0,68.8
congo time,0,0,0,5,0%,0%,0,69
time zone chicago,0,0,0,5,0%,0%,0,69
local time wellington nz,0,0,0,5,0%,0%,0,69.4
current time japan tokyo,0,0,1,5,0%,0%,74,69.8
time in austria,0,0,0,5,0%,0%,0,69.8
time at istanbul,0,0,0,5,0%,0%,0,70.2
current time in sydney,0,0,0,5,0%,0%,0,70.4
local time in cairo egypt,0,0,0,5,0%,0%,0,70.4
time cape verde,0,0,0,5,0%,0%,0,70.4
time is russia now,0,0,0,5,0%,0%,0,70.8
time in wellington nz,0,0,0,5,0%,0%,0,71.4
paris present time,0,0,0,5,0%,0%,0,72
what time is it yemen,0,0,0,5,0%,0%,0,72
time now sydney nsw australia,0,0,0,5,0%,0%,0,72.8
time in moskau,0,0,1,5,0%,0%,64,73.2
timezone in moscow,0,0,0,5,0%,0%,0,73.4
time right now in turkey istanbul,0,0,0,5,0%,0%,0,73.6
guyana time zone,0,0,0,5,0%,0%,0,74
time zone cape verde,0,0,0,5,0%,0%,0,74
malta timezone,0,0,0,5,0%,0%,0,74.4
time in chennai india,0,0,0,5,0%,0%,0,74.6
abidjan time now,0,0,1,5,0%,0%,76,75.2
what is the time of london now,0,0,0,5,0%,0%,0,75.4
libya times,0,0,1,5,0%,0%,97,76
what time is it in tokyo japan right now,0,0,0,5,0%,0%,0,76.2
nyc to dubai time,0,0,0,5,0%,0%,0,76.8
shanghai china current time,0,0,1,5,0%,0%,34,76.8
austria time,0,0,0,5,0%,0%,0,77
what time is eritrea,0,0,1,5,0%,0%,76,77
time right now in tokyo,0,0,0,5,0%,0%,0,78.2
taipei time now,0,0,0,5,0%,0%,0,78.4
what time zone is dubai in,0,0,0,5,0%,0%,0,79
local time istanbul,0,0,1,5,0%,0%,76,80.2
toronto is in which time zone,0,0,0,5,0%,0%,0,80.2
samoa time zone,0,0,0,5,0%,0%,0,80.4
time now cuba,0,0,1,5,0%,0%,55,80.4
what is the time in tokyo japan,0,0,1,5,0%,0%,78,81
time at istanbul turkey right now,0,0,0,5,0%,0%,0,81.2
what time in istanbul now,0,0,0,5,0%,0%,0,81.2
davao city time,0,0,0,5,0%,0%,0,81.4
guatemala time zone,0,0,0,5,0%,0%,0,82.8
jamaica time zone utc,0,0,0,5,0%,0%,0,83
time.kn paris,0,0,0,5,0%,0%,0,83.6
what time eritrea,0,0,0,5,0%,0%,0,83.8
in paris time,0,0,1,5,0%,0%,85,84.4
time now in tokyo,0,0,0,5,0%,0%,0,84.4
3pm uk time to singapore time,0,0,0,5,0%,0%,0,84.6
10am uk time to singapore time,0,0,1,5,0%,0%,94,86.2
what is the time in yemen,0,0,0,5,0%,0%,0,88.4
madagascar time,0,0,1,5,0%,0%,80,89.6
what time is it in tokyo now,0,0,0,5,0%,0%,0,90.2
what time is it in tehran,0,0,0,5,0%,0%,0,90.8
dubai time zone utc,0,0,0,5,0%,0%,0,95
current time in brazil zones,0,0,0,4,0%,0%,0,3.75
current time in dubai philippines time difference,0,0,0,4,0%,0%,0,6.75
philippines time zone utc+8 current time,0,0,0,4,0%,0%,0,6.75
current time in brazil time zone,0,0,0,4,0%,0%,0,8
what time,0,0,0,4,0%,0%,0,9
saudi arabia time zone utc+3,0,0,1,4,0%,0%,24,9.5
time in kutch,0,0,0,4,0%,0%,0,9.5
"if i leave tokyo at 9 a.m. on monday and i fly 16 hours to paris, france, 
what time and day will it be in paris when i arrive?",0,0,0,4,0%,0%,0,10
n'djamena time,0,0,0,4,0%,0%,0,11.25
time in lake como now,0,0,0,4,0%,0%,0,11.25
doha nairobi time difference,0,0,0,4,0%,0%,0,11.5
reggio emilia tiem,0,0,0,4,0%,0%,0,12
time difference san francisco nigeria,0,0,0,4,0%,0%,0,12.25
kenya russia time,0,0,0,4,0%,0%,0,14.5
current time,0,0,0,4,0%,0%,0,16
sydney australia time difference kenya,0,0,0,4,0%,0%,0,16
frankfurt time to hk time,0,0,0,4,0%,0%,0,16.25
lunch time now in istanbul,0,0,0,4,0%,0%,0,16.75